Name,Hospital Type,Address,Address_2,City,State,Zipcode,County,Latitude,Longitude,Staffed All Beds,Staffed ICU Beds,Licensed All Beds,All Bed Occupancy Rate,ICU Bed Occupancy Rate,Staffed All Beds - SOURCE,Staffed ICU Beds - SOURCE,Licensed All Beds - SOURCE,All Bed Occupancy Rate - SOURCE,ICU Bed Occupancy Rate - SOURCE,CCM_ID,DH-OBJECTID,HCRIS-Provider Number,HIFLD-ID,Manual Override Reason,Manual Override New Data Source
ARKANSAS VALLEY REGIONAL MEDICAL CENTER,GENERAL ACUTE CARE,1100 CARSON AVENUE,,LA JUNTA,CO,81050,OTERO,37.97807,-103.54958,25.0,0.0,25.0,,,Manual Override,Manual Override,Manual Override,Manual Override,Manual Override,8381050,636,061336,8381050,ICU and total beds way off,https://www.avrmc.org/getpage.php?name=about
LAGUNA HONDA HOSPITAL AND REHABILITATION CENTER,GENERAL ACUTE CARE,375 LAGUNA HONDA BOULEVARD,,SAN FRANCISCO,CA,94116,SAN FRANCISCO,37.74931,-122.45689,,,780.0,,,None,None,HIFLD-BEDS,None,None,25094116,,,25094116,Geolocation is off,OSM
ST. FRANCIS MEMORIAL HOSPITAL,GENERAL ACUTE CARE,900 HYDE STREET,,SAN FRANCISCO,CA,94109,SAN FRANCISCO,37.78963,-122.41653,156.0,34.0,253.0,0.31,0.32,HCRIS-Total Staffed Beds,HCRIS-ICU Total Staffed Beds,DH-NUM_LICENS,HCRIS-Total Bed Occupancy Rate,HCRIS-ICU Occupancy Rate,45094109,503,050152,45094109,Geolocation is off,OSM
SHANDS HOSPITAL,GENERAL ACUTE CARE,1600 SW ARCHER RD,,GAINESVILLE,FL,32610,ALACHUA,29.63999,-82.34286,1046.0,260.0,1014.0,0.8240917782026769,0.8192307692307692,FL AHCA 2020-06-19,FL AHCA 2020-06-19,DH-NUM_LICENS,FL AHCA 2020-06-19,FL AHCA 2020-06-19,35032610,695.0,100113.0,35032610,More recent data from 2020-06-19,FL AHCA
NORTH FLORIDA REGIONAL MEDICAL CENTER,GENERAL ACUTE CARE,6500 NEWBERRY RD,,GAINESVILLE,FL,32605,ALACHUA,29.66061,-82.41217,435.0,48.0,432.0,0.8988505747126436,0.8541666666666666,FL AHCA 2020-06-19,FL AHCA 2020-06-19,DH-NUM_LICENS,FL AHCA 2020-06-19,FL AHCA 2020-06-19,27832605,696.0,100204.0,27832605,More recent data from 2020-06-19,FL AHCA
SHANDS PSYCHIATRIC HOSPITAL,PSYCHIATRIC,4101 NW 89TH BLVD,,GAINESVILLE,FL,32606,ALACHUA,29.69182,-82.4362,81.0,0.0,81.0,0.6790123456790124,,FL AHCA 2020-06-19,FL AHCA 2020-06-19,HIFLD-BEDS,FL AHCA 2020-06-19,FL AHCA 2020-06-19,79632606,,,79632606,More recent data from 2020-06-19,FL AHCA
SELECT SPECIALTY HOSPITAL GAINESVILLE,LONG TERM CARE,2708 SW ARCHER RD,,GAINESVILLE,FL,32608,ALACHUA,29.63213,-82.36395,48.0,0.0,60.0,0.875,,FL AHCA 2020-06-19,FL AHCA 2020-06-19,DH-NUM_LICENS,FL AHCA 2020-06-19,FL AHCA 2020-06-19,34132608,6521.0,,34132608,More recent data from 2020-06-19,FL AHCA
ED FRASER MEMORIAL HOSPITAL,GENERAL ACUTE CARE,159 N 3RD ST,,MACCLENNY,FL,32063,BAKER,30.286,-82.11926,12.0,0.0,25.0,0.25,,FL AHCA 2020-06-19,FL AHCA 2020-06-19,DH-NUM_LICENS,FL AHCA 2020-06-19,FL AHCA 2020-06-19,8832063,4328.0,100134.0,8832063,More recent data from 2020-06-19,FL AHCA
NORTHEAST FLORIDA STATE HOSPITAL,PSYCHIATRIC,7487 S STATE RD 121,,MACCLENNY,FL,32063,BAKER,30.23741,-82.13398,613.0,0.0,1138.0,0.8629690048939641,,FL AHCA 2020-06-19,FL AHCA 2020-06-19,DH-NUM_LICENS,FL AHCA 2020-06-19,FL AHCA 2020-06-19,28432063,4615.0,104007.0,28432063,More recent data from 2020-06-19,FL AHCA
BAY MEDICAL CENTER SACRED HEART,GENERAL ACUTE CARE,615 N BONITA AVE,,PANAMA CITY,FL,32401,BAY,30.15973,-85.64753,162.0,60.0,323.0,0.7283950617283951,0.5333333333333333,FL AHCA 2020-06-19,FL AHCA 2020-06-19,DH-NUM_LICENS,FL AHCA 2020-06-19,FL AHCA 2020-06-19,2632401,698.0,100026.0,2632401,More recent data from 2020-06-19,FL AHCA
GULF COAST MEDICAL CENTER,GENERAL ACUTE CARE,449 W 23RD ST,,PANAMA CITY,FL,32405,BAY,30.18792,-85.66518,231.0,20.0,223.0,0.8658008658008658,0.95,FL AHCA 2020-06-19,FL AHCA 2020-06-19,DH-NUM_LICENS,FL AHCA 2020-06-19,FL AHCA 2020-06-19,14632405,697.0,100242.0,14632405,More recent data from 2020-06-19,FL AHCA
EMERALD COAST BEHAVIORAL HOSPITAL,PSYCHIATRIC,1940 HARRISON AVE,,PANAMA CITY,FL,32405,BAY,30.18378,-85.65778,86.0,0.0,86.0,0.5930232558139535,,FL AHCA 2020-06-19,FL AHCA 2020-06-19,DH-NUM_LICENS,FL AHCA 2020-06-19,FL AHCA 2020-06-19,9132405,5710.0,104073.0,9132405,More recent data from 2020-06-19,FL AHCA
HEALTHSOUTH EMERALD COAST REHABILITATION,REHABILITATION,1847 FLORIDA AVE,,PANAMA CITY,FL,32405,BAY,30.18189,-85.66917,56.0,0.0,75.0,0.8392857142857143,,FL AHCA 2020-06-19,FL AHCA 2020-06-19,DH-NUM_LICENS,FL AHCA 2020-06-19,FL AHCA 2020-06-19,15932405,4559.0,103040.0,15932405,More recent data from 2020-06-19,FL AHCA
SELECT SPECIALTY HOSPITAL - PANAMA CITY,LONG TERM CARE,615 N BONITA AVE,,PANAMA CITY,FL,32401,BAY,30.15971,-85.64779,0.0,0.0,30.0,,,FL AHCA 2020-06-19,FL AHCA 2020-06-19,HIFLD-BEDS,FL AHCA 2020-06-19,FL AHCA 2020-06-19,34532401,,102017.0,34532401,More recent data from 2020-06-19,FL AHCA
HOLMES REGIONAL MEDICAL CENTER,GENERAL ACUTE CARE,1350 S HICKORY ST,,MELBOURNE,FL,32901,BREVARD,28.0872,-80.61444,508.0,58.0,550.0,0.84251968503937,0.8620689655172413,FL AHCA 2020-06-19,FL AHCA 2020-06-19,DH-NUM_LICENS,FL AHCA 2020-06-19,FL AHCA 2020-06-19,17432901,702.0,100019.0,17432901,More recent data from 2020-06-19,FL AHCA
PARRISH MEDICAL CENTER,GENERAL ACUTE CARE,951 N WASHINGTON AVE,Suite 100,TITUSVILLE,FL,32796,BREVARD,28.63074,-80.8242,148.0,12.0,210.0,0.6283783783783784,0.5833333333333334,FL AHCA 2020-06-19,FL AHCA 2020-06-19,DH-NUM_LICENS,FL AHCA 2020-06-19,FL AHCA 2020-06-19,30932796,701.0,100028.0,30932796,More recent data from 2020-06-19,FL AHCA
WUESTHOFF MEDICAL CENTER-ROCKLEDGE,GENERAL ACUTE CARE,110 LONGWOOD AVE,,ROCKLEDGE,FL,32955,BREVARD,28.33499,-80.72283,185.0,29.0,298.0,0.745945945945946,0.5862068965517241,FL AHCA 2020-06-19,FL AHCA 2020-06-19,DH-NUM_LICENS,FL AHCA 2020-06-19,FL AHCA 2020-06-19,44032955,703.0,100092.0,44032955,More recent data from 2020-06-19,FL AHCA
CAPE CANAVERAL HOSPITAL,GENERAL ACUTE CARE,701 W COCOA BEACH CSWY,,COCOA BEACH,FL,32931,BREVARD,28.36012,-80.62299,140.0,12.0,150.0,0.5428571428571428,0.6666666666666666,FL AHCA 2020-06-19,FL AHCA 2020-06-19,DH-NUM_LICENS,FL AHCA 2020-06-19,FL AHCA 2020-06-19,5432931,704.0,100177.0,5432931,More recent data from 2020-06-19,FL AHCA
CIRCLES OF CARE,PSYCHIATRIC,400 E SHERIDAN RD,,MELBOURNE,FL,32901,BREVARD,28.08992,-80.61592,52.0,0.0,172.0,0.6153846153846154,,FL AHCA 2020-06-19,FL AHCA 2020-06-19,HCRIS-Total Staffed Beds,FL AHCA 2020-06-19,FL AHCA 2020-06-19,6532901,4715.0,104024.0,6532901,More recent data from 2020-06-19,FL AHCA
HEALTHSOUTH SEA PINES REHABILITATION HOSPITAL,REHABILITATION,101 E FLORIDA AVE,,MELBOURNE,FL,32901,BREVARD,28.05553,-80.62011,66.0,0.0,90.0,0.8787878787878788,,FL AHCA 2020-06-19,FL AHCA 2020-06-19,DH-NUM_LICENS,FL AHCA 2020-06-19,FL AHCA 2020-06-19,16532901,4357.0,103034.0,16532901,More recent data from 2020-06-19,FL AHCA
DEVEREUX HOSPITAL AND CHILDREN'S CENTER OF FLORIDA,PSYCHIATRIC,8000 DEVEREUX DR,,VIERA,FL,32940,BREVARD,28.23414,-80.70822,100.0,0.0,100.0,1.0,,FL AHCA 2020-06-19,FL AHCA 2020-06-19,HIFLD-BEDS,FL AHCA 2020-06-19,FL AHCA 2020-06-19,7532940,,,7532940,More recent data from 2020-06-19,FL AHCA
PALM BAY HOSPITAL,GENERAL ACUTE CARE,1425 MALABAR RD NE,,PALM BAY,FL,32907,BREVARD,27.99943,-80.61095,115.0,12.0,120.0,0.7304347826086957,0.3333333333333333,FL AHCA 2020-06-19,FL AHCA 2020-06-19,DH-NUM_LICENS,FL AHCA 2020-06-19,FL AHCA 2020-06-19,29932907,5682.0,100316.0,29932907,More recent data from 2020-06-19,FL AHCA
WUESTHOFF MEDICAL CENTER-MELBOURNE,GENERAL ACUTE CARE,250 N WICKHAM RD,,MELBOURNE,FL,32935,BREVARD,28.10932,-80.67482,72.0,12.0,119.0,0.6388888888888888,0.4166666666666667,FL AHCA 2020-06-19,FL AHCA 2020-06-19,DH-NUM_LICENS,FL AHCA 2020-06-19,FL AHCA 2020-06-19,43932935,700.0,100291.0,43932935,More recent data from 2020-06-19,FL AHCA
KINDRED HOSPITAL MELBOURNE,LONG TERM CARE,765 W NASA BLVD,,MELBOURNE,FL,32901,BREVARD,28.09188,-80.635,60.0,8.0,60.0,0.65,0.75,FL AHCA 2020-06-19,FL AHCA 2020-06-19,DH-NUM_LICENS,FL AHCA 2020-06-19,FL AHCA 2020-06-19,19732901,5688.0,,19732901,More recent data from 2020-06-19,FL AHCA
VIERA HOSPITAL,GENERAL ACUTE CARE,8745 N WICKHAM RD,,MELBOURNE,FL,32940,BREVARD,28.22797,-80.72933,90.0,20.0,84.0,0.7,0.6,FL AHCA 2020-06-19,FL AHCA 2020-06-19,DH-NUM_LICENS,FL AHCA 2020-06-19,FL AHCA 2020-06-19,41532940,5683.0,100315.0,41532940,More recent data from 2020-06-19,FL AHCA
MEMORIAL REGIONAL HOSPITAL,GENERAL ACUTE CARE,3501 JOHNSON ST,,HOLLYWOOD,FL,33021,BROWARD,26.01894,-80.18002,870.0,71.0,870.0,0.6735632183908046,0.8169014084507042,FL AHCA 2020-06-19,FL AHCA 2020-06-19,HCRIS-Total Staffed Beds,FL AHCA 2020-06-19,FL AHCA 2020-06-19,25933021,713.0,100038.0,25933021,More recent data from 2020-06-19,FL AHCA
BROWARD HEALTH MEDICAL CENTER,GENERAL ACUTE CARE,1600 S ANDREWS AVE,,FORT LAUDERDALE,FL,33316,BROWARD,26.10264,-80.14089,448.0,54.0,716.0,0.921875,0.9814814814814815,FL AHCA 2020-06-19,FL AHCA 2020-06-19,DH-NUM_LICENS,FL AHCA 2020-06-19,FL AHCA 2020-06-19,4633316,714.0,100039.0,4633316,More recent data from 2020-06-19,FL AHCA
KINDRED HOSPITAL-SOUTH FLORIDA-HOLLYWOOD,GENERAL ACUTE CARE,1859 VAN BUREN ST,,HOLLYWOOD,FL,33020,BROWARD,26.0098,-80.14426,119.0,8.0,119.0,0.7058823529411765,0.875,FL AHCA 2020-06-19,FL AHCA 2020-06-19,HIFLD-BEDS,FL AHCA 2020-06-19,FL AHCA 2020-06-19,20633020,,,20633020,More recent data from 2020-06-19,FL AHCA
CLEVELAND CLINIC HOSPITAL,GENERAL ACUTE CARE,3100 WESTON RD,,WESTON,FL,33326,BROWARD,26.08192,-80.36489,230.0,48.0,206.0,0.9521739130434783,0.8333333333333334,FL AHCA 2020-06-19,FL AHCA 2020-06-19,DH-NUM_LICENS,FL AHCA 2020-06-19,FL AHCA 2020-06-19,6733326,715.0,100289.0,6733326,More recent data from 2020-06-19,FL AHCA
HOLY CROSS HOSPITAL,GENERAL ACUTE CARE,4725 N FEDERAL HWY,,FORT LAUDERDALE,FL,33308,BROWARD,26.18646,-80.11994,348.0,42.0,557.0,0.6580459770114943,0.8333333333333334,FL AHCA 2020-06-19,FL AHCA 2020-06-19,DH-NUM_LICENS,FL AHCA 2020-06-19,FL AHCA 2020-06-19,17533308,712.0,,17533308,More recent data from 2020-06-19,FL AHCA
BROWARD HEALTH NORTH,GENERAL ACUTE CARE,201 E SAMPLE RD,,POMPANO BEACH,FL,33064,BROWARD,26.277,-80.12096,217.0,25.0,409.0,0.9308755760368663,0.88,FL AHCA 2020-06-19,FL AHCA 2020-06-19,DH-NUM_LICENS,FL AHCA 2020-06-19,FL AHCA 2020-06-19,4833064,711.0,100086.0,4833064,More recent data from 2020-06-19,FL AHCA
KINDRED HOSPITAL-SOUTH FLORIDA-FT LAUDERDALE,LONG TERM CARE,1516 E LAS OLAS BLVD,,FORT LAUDERDALE,FL,33301,BROWARD,26.11909,-80.12755,53.0,8.0,214.0,0.6226415094339622,0.875,FL AHCA 2020-06-19,FL AHCA 2020-06-19,HCRIS-Total Staffed Beds,FL AHCA 2020-06-19,FL AHCA 2020-06-19,20533301,4823.0,102010.0,20533301,More recent data from 2020-06-19,FL AHCA
PLANTATION GENERAL HOSPITAL,GENERAL ACUTE CARE,401 NW 42ND AVE,,PLANTATION,FL,33317,BROWARD,26.12641,-80.20527,264.0,14.0,264.0,0.5757575757575758,0.7857142857142857,FL AHCA 2020-06-19,FL AHCA 2020-06-19,DH-NUM_LICENS,FL AHCA 2020-06-19,FL AHCA 2020-06-19,31733317,705.0,,31733317,More recent data from 2020-06-19,FL AHCA
NORTHWEST MEDICAL CENTER,GENERAL ACUTE CARE,2801 N STATE RD 7,,MARGATE,FL,33063,BROWARD,26.26297,-80.20289,289.0,30.0,283.0,0.7508650519031141,0.4666666666666667,FL AHCA 2020-06-19,FL AHCA 2020-06-19,DH-NUM_LICENS,FL AHCA 2020-06-19,FL AHCA 2020-06-19,28833063,708.0,100189.0,28833063,More recent data from 2020-06-19,FL AHCA
BROWARD HEALTH IMPERIAL POINT,GENERAL ACUTE CARE,6401 N FEDERAL HWY,,FORT LAUDERDALE,FL,33308,BROWARD,26.20705,-80.11087,143.0,6.0,204.0,0.8111888111888111,1.0,FL AHCA 2020-06-19,FL AHCA 2020-06-19,DH-NUM_LICENS,FL AHCA 2020-06-19,FL AHCA 2020-06-19,4433308,709.0,100200.0,4433308,More recent data from 2020-06-19,FL AHCA
NORTH SHORE MEDICAL CENTER - FMC CAMPUS,GENERAL ACUTE CARE,5000 W OAKLAND PARK BLVD,,LAUDERDALE LAKES,FL,33313,BROWARD,26.16337,-80.21858,193.0,36.0,459.0,0.917098445595855,0.9722222222222222,FL AHCA 2020-06-19,FL AHCA 2020-06-19,HIFLD-BEDS,FL AHCA 2020-06-19,FL AHCA 2020-06-19,28233313,,,28233313,More recent data from 2020-06-19,FL AHCA
UNIVERSITY HOSPITAL AND MEDICAL CENTER,GENERAL ACUTE CARE,7201 N UNIVERSITY DR,,TAMARAC,FL,33321,BROWARD,26.21215,-80.25415,317.0,15.0,317.0,0.47634069400630913,0.8,FL AHCA 2020-06-19,FL AHCA 2020-06-19,DH-NUM_LICENS,FL AHCA 2020-06-19,FL AHCA 2020-06-19,40933321,710.0,100224.0,40933321,More recent data from 2020-06-19,FL AHCA
MEMORIAL REGIONAL HOSPITAL SOUTH,GENERAL ACUTE CARE,3600 WASHINGTON ST,,HOLLYWOOD,FL,33021,BROWARD,26.0022,-80.17991,375.0,0.0,216.0,0.49866666666666665,,FL AHCA 2020-06-19,FL AHCA 2020-06-19,HIFLD-BEDS,FL AHCA 2020-06-19,FL AHCA 2020-06-19,26133021,,,26133021,More recent data from 2020-06-19,FL AHCA
WESTSIDE REGIONAL MEDICAL CENTER,GENERAL ACUTE CARE,8201 W BROWARD BLVD,,PLANTATION,FL,33324,BROWARD,26.12329,-80.25973,250.0,35.0,250.0,0.624,0.5142857142857142,FL AHCA 2020-06-19,FL AHCA 2020-06-19,DH-NUM_LICENS,FL AHCA 2020-06-19,FL AHCA 2020-06-19,43133324,706.0,100228.0,43133324,More recent data from 2020-06-19,FL AHCA
MEMORIAL HOSPITAL PEMBROKE,GENERAL ACUTE CARE,7800 SHERIDAN ST,,PEMBROKE PINES,FL,33024,BROWARD,26.02979,-80.24558,127.0,8.0,301.0,0.889763779527559,1.0,FL AHCA 2020-06-19,FL AHCA 2020-06-19,DH-NUM_LICENS,FL AHCA 2020-06-19,FL AHCA 2020-06-19,25633024,707.0,100230.0,25633024,More recent data from 2020-06-19,FL AHCA
ST ANTHONY'S REHABILITATION HOSPITAL,REHABILITATION,3487 NW 30TH ST,,LAUDERDALE LAKES,FL,33311,BROWARD,26.16362,-80.19348,26.0,0.0,26.0,0.19230769230769232,,FL AHCA 2020-06-19,FL AHCA 2020-06-19,DH-NUM_LICENS,FL AHCA 2020-06-19,FL AHCA 2020-06-19,38033311,5694.0,,38033311,More recent data from 2020-06-19,FL AHCA
HEALTHSOUTH SUNRISE REHABILITATION HOSPITAL,REHABILITATION,4399 NOB HILL RD,,SUNRISE,FL,33351,BROWARD,26.17807,-80.2851,110.0,0.0,126.0,0.7727272727272727,,FL AHCA 2020-06-19,FL AHCA 2020-06-19,DH-NUM_LICENS,FL AHCA 2020-06-19,FL AHCA 2020-06-19,16633351,4384.0,103028.0,16633351,More recent data from 2020-06-19,FL AHCA
SOUTH FLORIDA STATE HOSPITAL,PSYCHIATRIC,800 E CYPRESS DR,,PEMBROKE PINES,FL,33025,BROWARD,26.00143,-80.2498,310.0,0.0,350.0,1.0,,FL AHCA 2020-06-19,FL AHCA 2020-06-19,DH-NUM_LICENS,FL AHCA 2020-06-19,FL AHCA 2020-06-19,36733025,5302.0,104001.0,36733025,More recent data from 2020-06-19,FL AHCA
LARKIN COMMUNITY HOSPITAL BEHAVIORAL HEALTH SERVICES,PSYCHIATRIC,1201 N 37TH AVE,,HOLLYWOOD,FL,33021,BROWARD,26.02055,-80.18023,40.0,0.0,50.0,1.0,,FL AHCA 2020-06-19,FL AHCA 2020-06-19,DH-NUM_LICENS,FL AHCA 2020-06-19,FL AHCA 2020-06-19,17333021,4850.0,104079.0,17333021,More recent data from 2020-06-19,FL AHCA
BROWARD HEALTH CORAL SPRINGS,GENERAL ACUTE CARE,3000 CORAL HILLS DR,,CORAL SPRINGS,FL,33065,BROWARD,26.26875,-80.25566,156.0,16.0,250.0,0.9166666666666666,0.75,FL AHCA 2020-06-19,FL AHCA 2020-06-19,DH-NUM_LICENS,FL AHCA 2020-06-19,FL AHCA 2020-06-19,4233065,717.0,100276.0,4233065,More recent data from 2020-06-19,FL AHCA
MEMORIAL HOSPITAL WEST,GENERAL ACUTE CARE,703 N FLAMINGO RD,,PEMBROKE PINES,FL,33028,BROWARD,26.01302,-80.3108,400.0,26.0,486.0,0.8975,1.0,FL AHCA 2020-06-19,FL AHCA 2020-06-19,DH-NUM_LICENS,FL AHCA 2020-06-19,FL AHCA 2020-06-19,25733028,718.0,100281.0,25733028,More recent data from 2020-06-19,FL AHCA
MEMORIAL HOSPITAL MIRAMAR,GENERAL ACUTE CARE,1901 SW  172ND AVE,,MIRAMAR,FL,33029,BROWARD,25.99087,-80.37275,178.0,18.0,178.0,0.7640449438202247,0.8333333333333334,FL AHCA 2020-06-19,FL AHCA 2020-06-19,DH-NUM_LICENS,FL AHCA 2020-06-19,FL AHCA 2020-06-19,25133029,716.0,100285.0,25133029,More recent data from 2020-06-19,FL AHCA
CALHOUN-LIBERTY HOSPITAL,GENERAL ACUTE CARE,20370 NE BURNS AVE,,BLOUNTSTOWN,FL,32424,CALHOUN,30.45862,-85.0501,10.0,0.0,25.0,0.6,,FL AHCA 2020-06-19,FL AHCA 2020-06-19,DH-NUM_LICENS,FL AHCA 2020-06-19,FL AHCA 2020-06-19,5032424,4873.0,101304.0,5032424,More recent data from 2020-06-19,FL AHCA
BAYFRONT HEALTH PUNTA GORDA,GENERAL ACUTE CARE,809 E MARION AVE,,PUNTA GORDA,FL,33950,CHARLOTTE,26.94095,-82.04028,243.0,17.0,208.0,0.6502057613168725,0.4117647058823529,FL AHCA 2020-06-19,FL AHCA 2020-06-19,DH-NUM_LICENS,FL AHCA 2020-06-19,FL AHCA 2020-06-19,6333950,719.0,100047.0,6333950,More recent data from 2020-06-19,FL AHCA
BAYFRONT HEALTH PORT CHARLOTTE,GENERAL ACUTE CARE,2500 HARBOR BLVD,,PORT CHARLOTTE,FL,33952,CHARLOTTE,26.98893,-82.09569,227.0,19.0,254.0,0.6475770925110133,0.7368421052631579,FL AHCA 2020-06-19,FL AHCA 2020-06-19,DH-NUM_LICENS,FL AHCA 2020-06-19,FL AHCA 2020-06-19,31433952,720.0,100077.0,31433952,More recent data from 2020-06-19,FL AHCA
FAWCETT MEMORIAL HOSPITAL,GENERAL ACUTE CARE,21298 OLEAN BLVD,,PORT CHARLOTTE,FL,33952,CHARLOTTE,26.98842,-82.09807,253.0,19.0,253.0,0.6126482213438735,0.6842105263157895,FL AHCA 2020-06-19,FL AHCA 2020-06-19,DH-NUM_LICENS,FL AHCA 2020-06-19,FL AHCA 2020-06-19,9533952,721.0,100236.0,9533952,More recent data from 2020-06-19,FL AHCA
CITRUS MEMORIAL HOSPITAL,GENERAL ACUTE CARE,502 HIGHLAND BLVD,,INVERNESS,FL,34452,CITRUS,28.83403,-82.3358,204.0,24.0,204.0,0.6666666666666666,0.75,FL AHCA 2020-06-19,FL AHCA 2020-06-19,DH-NUM_LICENS,FL AHCA 2020-06-19,FL AHCA 2020-06-19,6634452,723.0,100023.0,6634452,More recent data from 2020-06-19,FL AHCA
SEVEN RIVERS REGIONAL MEDICAL CENTER,GENERAL ACUTE CARE,6201 N SUNCOAST BLVD,,CRYSTAL RIVER,FL,34428,CITRUS,28.95196,-82.6245,120.0,15.0,128.0,0.7,1.0,FL AHCA 2020-06-19,FL AHCA 2020-06-19,DH-NUM_LICENS,FL AHCA 2020-06-19,FL AHCA 2020-06-19,34834428,722.0,100249.0,34834428,More recent data from 2020-06-19,FL AHCA
KINDRED HOSPITAL-NORTH FLORIDA,LONG TERM CARE,801 OAK ST,,GREEN COVE SPRINGS,FL,32043,CLAY,29.98785,-81.68208,44.0,6.0,80.0,1.0,1.0,FL AHCA 2020-06-19,FL AHCA 2020-06-19,DH-NUM_LICENS,FL AHCA 2020-06-19,FL AHCA 2020-06-19,20332043,4821.0,,20332043,More recent data from 2020-06-19,FL AHCA
ORANGE PARK MEDICAL CENTER,GENERAL ACUTE CARE,2001 KINGSLEY AVE,,ORANGE PARK,FL,32073,CLAY,30.16584,-81.73759,338.0,28.0,317.0,0.8905325443786982,0.7857142857142857,FL AHCA 2020-06-19,FL AHCA 2020-06-19,DH-NUM_LICENS,FL AHCA 2020-06-19,FL AHCA 2020-06-19,29232073,724.0,100226.0,29232073,More recent data from 2020-06-19,FL AHCA
ST. VINCENT'S MEDICAL CENTER CLAY COUNTY,GENERAL ACUTE CARE,1670 ST. VINCENT'S WAY,,MIDDLEBURG,FL,32068,CLAY,30.10876,-81.83269,105.0,8.0,106.0,0.8,0.375,FL AHCA 2020-06-19,FL AHCA 2020-06-19,DH-NUM_LICENS,FL AHCA 2020-06-19,FL AHCA 2020-06-19,36232068,5627.0,100321.0,36232068,More recent data from 2020-06-19,FL AHCA
NAPLES COMMUNITY HOSPITAL,GENERAL ACUTE CARE,350 SEVENTH ST N,,NAPLES,FL,34102,COLLIER,26.15064,-81.79874,268.0,31.0,535.0,0.8992537313432836,0.45161290322580644,FL AHCA 2020-06-19,FL AHCA 2020-06-19,HCRIS-Total Staffed Beds,FL AHCA 2020-06-19,FL AHCA 2020-06-19,78634102,5579.0,100018.0,78634102,More recent data from 2020-06-19,FL AHCA
WILLOUGH AT NAPLES HOSPITAL,PSYCHIATRIC,9001 TAMIAMI TRL E,,NAPLES,FL,34113,COLLIER,26.09603,-81.73631,83.0,0.0,87.0,0.8072289156626506,,FL AHCA 2020-06-19,FL AHCA 2020-06-19,DH-NUM_LICENS,FL AHCA 2020-06-19,FL AHCA 2020-06-19,43234113,5001.0,104063.0,43234113,More recent data from 2020-06-19,FL AHCA
NCH HEALTHCARE SYSTEM NORTH NAPLES HOSPITAL CAMPUS,GENERAL ACUTE CARE,11190 HEALTHPARK BLVD,,NAPLES,FL,34110,COLLIER,26.27431,-81.78875,267.0,16.0,322.0,0.8202247191011236,0.375,FL AHCA 2020-06-19,FL AHCA 2020-06-19,HIFLD-BEDS,FL AHCA 2020-06-19,FL AHCA 2020-06-19,27734110,,,27734110,More recent data from 2020-06-19,FL AHCA
PHYSICIANS REGIONAL - PINE RIDGE,GENERAL ACUTE CARE,6101 PINE RIDGE RD,,NAPLES,FL,34119,COLLIER,26.21395,-81.73268,105.0,12.0,201.0,0.9809523809523809,0.8333333333333334,FL AHCA 2020-06-19,FL AHCA 2020-06-19,HCRIS-Total Staffed Beds,FL AHCA 2020-06-19,FL AHCA 2020-06-19,31634119,725.0,100286.0,31634119,More recent data from 2020-06-19,FL AHCA
PHYSICIANS REGIONAL - COLLIER BOULEVARD,GENERAL ACUTE CARE,8300 COLLIER BLVD,,NAPLES,FL,34114,COLLIER,26.10554,-81.68488,100.0,12.0,100.0,0.96,0.8333333333333334,FL AHCA 2020-06-19,FL AHCA 2020-06-19,HIFLD-BEDS,FL AHCA 2020-06-19,FL AHCA 2020-06-19,31534114,,,31534114,More recent data from 2020-06-19,FL AHCA
LANDMARK HOSPITAL OF SOUTHWEST FLORIDA,GENERAL ACUTE CARE,1285 CREEKSIDE BLVD E,,NAPLES,FL,34109,COLLIER,26.27017,-81.78858,51.0,8.0,50.0,0.5882352941176471,1.0,FL AHCA 2020-06-19,FL AHCA 2020-06-19,DH-NUM_LICENS,FL AHCA 2020-06-19,FL AHCA 2020-06-19,178334109,6234.0,,178334109,More recent data from 2020-06-19,FL AHCA
SHANDS LAKE SHORE REGIONAL MEDICAL CENTER,GENERAL ACUTE CARE,368 NE FRANKLIN ST,,LAKE CITY,FL,32055,COLUMBIA,30.19313,-82.63276,45.0,8.0,99.0,0.8,0.875,FL AHCA 2020-06-19,FL AHCA 2020-06-19,DH-NUM_LICENS,FL AHCA 2020-06-19,FL AHCA 2020-06-19,35632055,726.0,100102.0,35632055,More recent data from 2020-06-19,FL AHCA
LAKE CITY MEDICAL CENTER,GENERAL ACUTE CARE,340 NW COMMERCE DR,,LAKE CITY,FL,32055,COLUMBIA,30.18373,-82.68774,103.0,17.0,91.0,1.0,1.0,FL AHCA 2020-06-19,FL AHCA 2020-06-19,DH-NUM_LICENS,FL AHCA 2020-06-19,FL AHCA 2020-06-19,20932055,727.0,100156.0,20932055,More recent data from 2020-06-19,FL AHCA
DESOTO MEMORIAL HOSPITAL,GENERAL ACUTE CARE,900 N ROBERT AVE,,ARCADIA,FL,34266,DESOTO,27.2274,-81.85102,55.0,8.0,49.0,0.6181818181818182,0.625,FL AHCA 2020-06-19,FL AHCA 2020-06-19,DH-NUM_LICENS,FL AHCA 2020-06-19,FL AHCA 2020-06-19,7434266,728.0,100175.0,7434266,More recent data from 2020-06-19,FL AHCA
UF HEALTH JACKSONVILLE,GENERAL ACUTE CARE,655 W 8TH ST,,JACKSONVILLE,FL,32209,DUVAL,30.34851,-81.66427,603.0,100.0,603.0,0.6948590381426202,1.0,FL AHCA 2020-06-19,FL AHCA 2020-06-19,DH-NUM_LICENS,FL AHCA 2020-06-19,FL AHCA 2020-06-19,35332209,732.0,100001.0,35332209,More recent data from 2020-06-19,FL AHCA
SAINT VINCENT'S MEDICAL CENTER RIVERSIDE,GENERAL ACUTE CARE,1 SHIRCLIFF WAY,,JACKSONVILLE,FL,32204,DUVAL,30.30753,-81.69061,510.0,68.0,528.0,0.5745098039215686,0.3382352941176471,FL AHCA 2020-06-19,FL AHCA 2020-06-19,DH-NUM_LICENS,FL AHCA 2020-06-19,FL AHCA 2020-06-19,33432204,733.0,100040.0,33432204,More recent data from 2020-06-19,FL AHCA
BAPTIST MEDICAL CENTER JACKSONVILLE,GENERAL ACUTE CARE,800 PRUDENTIAL DR,,JACKSONVILLE,FL,32207,DUVAL,30.31565,-81.66471,514.0,72.0,855.0,0.8346303501945526,0.7777777777777778,FL AHCA 2020-06-19,FL AHCA 2020-06-19,HCRIS-Total Staffed Beds,FL AHCA 2020-06-19,FL AHCA 2020-06-19,1932207,5936.0,100088.0,1932207,More recent data from 2020-06-19,FL AHCA
BAPTIST MEDICAL CENTER - BEACHES,GENERAL ACUTE CARE,1350 13TH AVE S,,JACKSONVILLE BEACH,FL,32250,DUVAL,30.27337,-81.39832,202.0,24.0,146.0,0.4504950495049505,0.6666666666666666,FL AHCA 2020-06-19,FL AHCA 2020-06-19,DH-NUM_LICENS,FL AHCA 2020-06-19,FL AHCA 2020-06-19,1632250,731.0,100117.0,1632250,More recent data from 2020-06-19,FL AHCA
MAYO CLINIC,GENERAL ACUTE CARE,4500 SAN PABLO RD,,JACKSONVILLE,FL,32224,DUVAL,30.26391,-81.44108,304.0,54.0,304.0,0.9375,0.8703703703703703,FL AHCA 2020-06-19,FL AHCA 2020-06-19,DH-NUM_LICENS,FL AHCA 2020-06-19,FL AHCA 2020-06-19,24032224,730.0,100151.0,24032224,More recent data from 2020-06-19,FL AHCA
MEMORIAL HOSPITAL JACKSONVILLE,GENERAL ACUTE CARE,3625 UNIVERSITY BLVD S,,JACKSONVILLE,FL,32216,DUVAL,30.28806,-81.60151,499.0,42.0,454.0,0.6793587174348698,0.7380952380952381,FL AHCA 2020-06-19,FL AHCA 2020-06-19,DH-NUM_LICENS,FL AHCA 2020-06-19,FL AHCA 2020-06-19,25032216,729.0,100179.0,25032216,More recent data from 2020-06-19,FL AHCA
BROOKS REHABILITATION HOSPITAL,REHABILITATION,3599 UNIVERSITY BLVD S,,JACKSONVILLE,FL,32216,DUVAL,30.29021,-81.60117,139.0,0.0,160.0,0.9496402877697842,,FL AHCA 2020-06-19,FL AHCA 2020-06-19,DH-NUM_LICENS,FL AHCA 2020-06-19,FL AHCA 2020-06-19,4032216,4862.0,103039.0,4032216,More recent data from 2020-06-19,FL AHCA
SPECIALTY HOSPITAL JACKSONVILLE,GENERAL ACUTE CARE,4901 RICHARD ST,,JACKSONVILLE,FL,32207,DUVAL,30.27162,-81.61546,22.0,0.0,107.0,0.5,,FL AHCA 2020-06-19,FL AHCA 2020-06-19,DH-NUM_LICENS,FL AHCA 2020-06-19,FL AHCA 2020-06-19,37532207,4633.0,102012.0,37532207,More recent data from 2020-06-19,FL AHCA
RIVER POINT BEHAVIORAL HEALTH,PSYCHIATRIC,6300 BEACH BLVD,,JACKSONVILLE,FL,32216,DUVAL,30.29075,-81.59699,84.0,0.0,84.0,0.7142857142857143,,FL AHCA 2020-06-19,FL AHCA 2020-06-19,DH-NUM_LICENS,FL AHCA 2020-06-19,FL AHCA 2020-06-19,32932216,4391.0,104016.0,32932216,More recent data from 2020-06-19,FL AHCA
BAPTIST MEDICAL CENTER SOUTH,GENERAL ACUTE CARE,14550 OLD SAINT AUGUSTINE RD,,JACKSONVILLE,FL,32258,DUVAL,30.13878,-81.53538,376.0,38.0,226.0,0.5691489361702128,0.5,FL AHCA 2020-06-19,FL AHCA 2020-06-19,HIFLD-BEDS,FL AHCA 2020-06-19,FL AHCA 2020-06-19,2132258,,,2132258,More recent data from 2020-06-19,FL AHCA
WEKIVA SPRINGS,PSYCHIATRIC,3947 SALISBURY RD,,JACKSONVILLE,FL,32216,DUVAL,30.25782,-81.59554,129.0,0.0,120.0,0.5426356589147286,,FL AHCA 2020-06-19,FL AHCA 2020-06-19,DH-NUM_LICENS,FL AHCA 2020-06-19,FL AHCA 2020-06-19,41832216,5543.0,104069.0,41832216,More recent data from 2020-06-19,FL AHCA
ST VINCENT'S MEDICAL CENTER SOUTHSIDE,GENERAL ACUTE CARE,4201 BELFORT RD,,JACKSONVILLE,FL,32216,DUVAL,30.25338,-81.58237,243.0,18.0,313.0,0.41975308641975306,0.3888888888888889,FL AHCA 2020-06-19,FL AHCA 2020-06-19,DH-NUM_LICENS,FL AHCA 2020-06-19,FL AHCA 2020-06-19,39532216,734.0,100307.0,39532216,More recent data from 2020-06-19,FL AHCA
UF HEALTH NORTH,GENERAL ACUTE CARE,15255 MAX LEGGETT PARKWAY,,JACKSONVILLE,FL,32218,DUVAL,30.484,-81.63342,92.0,24.0,92.0,0.8695652173913043,0.9583333333333334,FL AHCA 2020-06-19,FL AHCA 2020-06-19,DH-NUM_LICENS,FL AHCA 2020-06-19,FL AHCA 2020-06-19,174932218,6377.0,,174932218,More recent data from 2020-06-19,FL AHCA
WOLFSON CHILDREN'S HOSPITAL - JACKSONVILLE,CHILDREN,800 PRUDENTIAL DR,,JACKSONVILLE,FL,32207,DUVAL,30.31539,-81.66332,213.0,0.0,212.0,0.6619718309859155,,FL AHCA 2020-06-19,FL AHCA 2020-06-19,HIFLD-BEDS,FL AHCA 2020-06-19,FL AHCA 2020-06-19,81832207,,,81832207,More recent data from 2020-06-19,FL AHCA
BAPTIST HOSPITAL,GENERAL ACUTE CARE,1000 W MORENO ST,,PENSACOLA,FL,32501,ESCAMBIA,30.42942,-87.23042,361.0,36.0,492.0,0.6731301939058172,0.9722222222222222,FL AHCA 2020-06-19,FL AHCA 2020-06-19,DH-NUM_LICENS,FL AHCA 2020-06-19,FL AHCA 2020-06-19,1132501,736.0,100093.0,1132501,More recent data from 2020-06-19,FL AHCA
WEST FLORIDA HOSPITAL,GENERAL ACUTE CARE,8383 N DAVIS HWY,,PENSACOLA,FL,32514,ESCAMBIA,30.51568,-87.2179,413.0,36.0,515.0,0.738498789346247,0.9444444444444444,FL AHCA 2020-06-19,FL AHCA 2020-06-19,DH-NUM_LICENS,FL AHCA 2020-06-19,FL AHCA 2020-06-19,42232514,737.0,100231.0,42232514,More recent data from 2020-06-19,FL AHCA
SELECT SPECIALTY HOSPITAL PENSACOLA,LONG TERM CARE,7000 COBBLE CREEK DR,,PENSACOLA,FL,32504,ESCAMBIA,30.47866,-87.21569,75.0,6.0,75.0,0.8,1.0,FL AHCA 2020-06-19,FL AHCA 2020-06-19,DH-NUM_LICENS,FL AHCA 2020-06-19,FL AHCA 2020-06-19,34632504,4936.0,102024.0,34632504,More recent data from 2020-06-19,FL AHCA
FLORIDA HOSPITAL FLAGLER,GENERAL ACUTE CARE,60 MEMORIAL MEDICAL PKWY,,PALM COAST,FL,32164,FLAGLER,29.47896,-81.18905,112.0,18.0,99.0,0.9196428571428571,0.8888888888888888,FL AHCA 2020-06-19,FL AHCA 2020-06-19,DH-NUM_LICENS,FL AHCA 2020-06-19,FL AHCA 2020-06-19,12132164,738.0,100118.0,12132164,More recent data from 2020-06-19,FL AHCA
GEORGE E WEEMS MEMORIAL HOSPITAL,GENERAL ACUTE CARE,135 AVE G,,APALACHICOLA,FL,32329,FRANKLIN,29.72453,-84.99259,15.0,0.0,25.0,0.2,,FL AHCA 2020-06-19,FL AHCA 2020-06-19,DH-NUM_LICENS,FL AHCA 2020-06-19,FL AHCA 2020-06-19,14032329,4822.0,101305.0,14032329,More recent data from 2020-06-19,FL AHCA
CAPITAL REGIONAL MEDICAL CENTER - GADSDEN MEMORIAL CAMPUS,GENERAL ACUTE CARE,23186 BLUE STAR HWY,,QUINCY,FL,32353,GADSDEN,30.56888,-84.54867,0.0,0.0,266.0,,,FL AHCA 2020-06-19,FL AHCA 2020-06-19,HIFLD-BEDS,FL AHCA 2020-06-19,FL AHCA 2020-06-19,5732353,,,5732353,More recent data from 2020-06-19,FL AHCA
FLORIDA STATE HOSPITAL,PSYCHIATRIC,100 N MAIN ST,,CHATTAHOOCHEE,FL,32324,GADSDEN,30.7065,-84.84133,0.0,0.0,949.0,,,FL AHCA 2020-06-19,FL AHCA 2020-06-19,DH-NUM_LICENS,FL AHCA 2020-06-19,FL AHCA 2020-06-19,13732324,739.0,100298.0,13732324,More recent data from 2020-06-19,FL AHCA
SACRED HEART HOSPITAL ON THE GULF,GENERAL ACUTE CARE,3801 E HWY 98,,PORT SAINT JOE,FL,32456,GULF,29.77902,-85.2879,21.0,0.0,19.0,0.09523809523809523,,FL AHCA 2020-06-19,FL AHCA 2020-06-19,DH-NUM_LICENS,FL AHCA 2020-06-19,FL AHCA 2020-06-19,33232456,5619.0,100313.0,33232456,More recent data from 2020-06-19,FL AHCA
FLORIDA HOSPITAL WAUCHULA,GENERAL ACUTE CARE,533 W CARLTON ST,,WAUCHULA,FL,33873,HARDEE,27.53545,-81.81696,25.0,0.0,25.0,0.76,,FL AHCA 2020-06-19,FL AHCA 2020-06-19,HIFLD-BEDS,FL AHCA 2020-06-19,FL AHCA 2020-06-19,13433873,,,13433873,More recent data from 2020-06-19,FL AHCA
HENDRY REGIONAL MEDICAL CENTER,GENERAL ACUTE CARE,524 W SAGAMORE AVE,,CLEWISTON,FL,33440,HENDRY,26.75268,-80.94127,29.0,0.0,25.0,0.41379310344827586,,FL AHCA 2020-06-19,FL AHCA 2020-06-19,DH-NUM_LICENS,FL AHCA 2020-06-19,FL AHCA 2020-06-19,16933440,741.0,101309.0,16933440,More recent data from 2020-06-19,FL AHCA
BAYFRONT HEALTH BROOKSVILLE,GENERAL ACUTE CARE,17240 CORTEZ BLVD,,BROOKSVILLE,FL,34601,HERNANDO,28.53883,-82.44349,120.0,19.0,244.0,0.43333333333333335,0.7368421052631579,FL AHCA 2020-06-19,FL AHCA 2020-06-19,HCRIS-Total Staffed Beds,FL AHCA 2020-06-19,FL AHCA 2020-06-19,4134601,743.0,100071.0,4134601,More recent data from 2020-06-19,FL AHCA
OAK HILL HOSPITAL,GENERAL ACUTE CARE,11375 CORTEZ BLVD,,BROOKSVILLE,FL,34613,HERNANDO,28.53622,-82.5341,350.0,36.0,350.0,0.6857142857142857,0.8611111111111112,FL AHCA 2020-06-19,FL AHCA 2020-06-19,DH-NUM_LICENS,FL AHCA 2020-06-19,FL AHCA 2020-06-19,28934613,742.0,100264.0,28934613,More recent data from 2020-06-19,FL AHCA
SPRINGBROOK HOSPITAL,PSYCHIATRIC,7007 GROVE RD,,BROOKSVILLE,FL,34609,HERNANDO,28.53294,-82.48421,71.0,0.0,66.0,1.0,,FL AHCA 2020-06-19,FL AHCA 2020-06-19,DH-NUM_LICENS,FL AHCA 2020-06-19,FL AHCA 2020-06-19,37734609,5345.0,104057.0,37734609,More recent data from 2020-06-19,FL AHCA
BAYFRONT HEALTH SPRING HILL,GENERAL ACUTE CARE,10461 QUALITY DR,,SPRING HILL,FL,34609,HERNANDO,28.43749,-82.54037,108.0,6.0,124.0,0.5,0.5,FL AHCA 2020-06-19,FL AHCA 2020-06-19,HIFLD-BEDS,FL AHCA 2020-06-19,FL AHCA 2020-06-19,37634609,,,37634609,More recent data from 2020-06-19,FL AHCA
HEALTHSOUTH REHABILITATION HOSPITAL OF SPRING HILL,REHABILITATION,12440 CORTEZ BLVD,,BROOKSVILLE,FL,34613,HERNANDO,28.53226,-82.51696,80.0,0.0,80.0,0.7875,,FL AHCA 2020-06-19,FL AHCA 2020-06-19,DH-NUM_LICENS,FL AHCA 2020-06-19,FL AHCA 2020-06-19,16334613,4666.0,103042.0,16334613,More recent data from 2020-06-19,FL AHCA
HIGHLANDS REGIONAL MEDICAL CENTER,GENERAL ACUTE CARE,3600 S HIGHLANDS AVE,,SEBRING,FL,33870,HIGHLANDS,27.46559,-81.43296,81.0,16.0,126.0,0.4444444444444444,0.75,FL AHCA 2020-06-19,FL AHCA 2020-06-19,DH-NUM_LICENS,FL AHCA 2020-06-19,FL AHCA 2020-06-19,17233870,744.0,100049.0,17233870,More recent data from 2020-06-19,FL AHCA
FLORIDA HOSPITAL HEARTLAND MEDICAL CENTER,GENERAL ACUTE CARE,4200 SUN N LAKE BLVD,,SEBRING,FL,33872,HIGHLANDS,27.53975,-81.50921,173.0,8.0,180.0,0.7514450867052023,1.0,FL AHCA 2020-06-19,FL AHCA 2020-06-19,HCRIS-Total Staffed Beds,FL AHCA 2020-06-19,FL AHCA 2020-06-19,12233872,745.0,100109.0,12233872,More recent data from 2020-06-19,FL AHCA
FLORIDA HOSPITAL HEARTLAND MEDICAL CENTER AT LAKE PLACID,GENERAL ACUTE CARE,1210 US 27 N,,LAKE PLACID,FL,33852,HIGHLANDS,27.32004,-81.36973,33.0,10.0,50.0,0.5151515151515151,0.0,FL AHCA 2020-06-19,FL AHCA 2020-06-19,HIFLD-BEDS,FL AHCA 2020-06-19,FL AHCA 2020-06-19,12333852,,,12333852,More recent data from 2020-06-19,FL AHCA
FLORIDA HOSPITAL CARROLLWOOD,GENERAL ACUTE CARE,7171 N DALE MABRY HWY,,TAMPA,FL,33614,HILLSBOROUGH,28.01324,-82.50401,90.0,8.0,103.0,0.9111111111111111,0.75,FL AHCA 2020-06-19,FL AHCA 2020-06-19,DH-NUM_LICENS,FL AHCA 2020-06-19,FL AHCA 2020-06-19,11133614,752.0,100069.0,11133614,More recent data from 2020-06-19,FL AHCA
ST JOSEPH'S HOSPITAL,GENERAL ACUTE CARE,3001 W DR. MARTIN LUTHER KING JR BLVD,,TAMPA,FL,33607,HILLSBOROUGH,27.98214,-82.49185,699.0,70.0,1062.0,0.7982832618025751,0.9,FL AHCA 2020-06-19,FL AHCA 2020-06-19,HCRIS-Total Staffed Beds,FL AHCA 2020-06-19,FL AHCA 2020-06-19,38533607,751.0,100075.0,38533607,More recent data from 2020-06-19,FL AHCA
KINDRED HOSPITAL-BAY AREA-TAMPA,GENERAL ACUTE CARE,4555 S MANHATTAN AVE,,TAMPA,FL,33611,HILLSBOROUGH,27.89807,-82.51906,73.0,4.0,73.0,0.6164383561643836,1.0,FL AHCA 2020-06-19,FL AHCA 2020-06-19,DH-NUM_LICENS,FL AHCA 2020-06-19,FL AHCA 2020-06-19,20133611,4449.0,,20133611,More recent data from 2020-06-19,FL AHCA
TAMPA GENERAL HOSPITAL,GENERAL ACUTE CARE,1 TAMPA GENERAL CIR,,TAMPA,FL,33606,HILLSBOROUGH,27.93796,-82.45916,1180.0,126.0,1006.0,0.7491525423728813,0.9365079365079365,FL AHCA 2020-06-19,FL AHCA 2020-06-19,DH-NUM_LICENS,FL AHCA 2020-06-19,FL AHCA 2020-06-19,39833606,746.0,100128.0,39833606,More recent data from 2020-06-19,FL AHCA
SOUTH FLORIDA BAPTIST HOSPITAL,GENERAL ACUTE CARE,301 N ALEXANDER ST,,PLANT CITY,FL,33563,HILLSBOROUGH,28.01568,-82.13893,95.0,15.0,147.0,0.6421052631578947,0.8,FL AHCA 2020-06-19,FL AHCA 2020-06-19,DH-NUM_LICENS,FL AHCA 2020-06-19,FL AHCA 2020-06-19,36433563,747.0,100132.0,36433563,More recent data from 2020-06-19,FL AHCA
KINDRED HOSPITAL-CENTRAL TAMPA,GENERAL ACUTE CARE,4801 N HOWARD AVE,,TAMPA,FL,33603,HILLSBOROUGH,27.98914,-82.48161,102.0,6.0,102.0,0.803921568627451,1.0,FL AHCA 2020-06-19,FL AHCA 2020-06-19,DH-NUM_LICENS,FL AHCA 2020-06-19,FL AHCA 2020-06-19,20233603,4642.0,,20233603,More recent data from 2020-06-19,FL AHCA
FLORIDA HOSPITAL TAMPA,GENERAL ACUTE CARE,3100 E FLETCHER AVE,,TAMPA,FL,33613,HILLSBOROUGH,28.0711,-82.42406,507.0,37.0,536.0,0.796844181459566,0.8108108108108109,FL AHCA 2020-06-19,FL AHCA 2020-06-19,DH-NUM_LICENS,FL AHCA 2020-06-19,FL AHCA 2020-06-19,13233613,749.0,100173.0,13233613,More recent data from 2020-06-19,FL AHCA
MEMORIAL HOSPITAL OF TAMPA,GENERAL ACUTE CARE,2901 SWANN AVE,,TAMPA,FL,33609,HILLSBOROUGH,27.93792,-82.4899,137.0,12.0,183.0,0.8540145985401459,0.6666666666666666,FL AHCA 2020-06-19,FL AHCA 2020-06-19,DH-NUM_LICENS,FL AHCA 2020-06-19,FL AHCA 2020-06-19,25233609,750.0,100206.0,25233609,More recent data from 2020-06-19,FL AHCA
BRANDON REGIONAL HOSPITAL,GENERAL ACUTE CARE,119 OAKFIELD DR,,BRANDON,FL,33511,HILLSBOROUGH,27.933,-82.28781,422.0,48.0,422.0,0.8909952606635071,0.9166666666666666,FL AHCA 2020-06-19,FL AHCA 2020-06-19,DH-NUM_LICENS,FL AHCA 2020-06-19,FL AHCA 2020-06-19,3833511,748.0,100243.0,3833511,More recent data from 2020-06-19,FL AHCA
TAMPA COMMUNITY HOSPITAL,GENERAL ACUTE CARE,6001 WEBB RD,,TAMPA,FL,33615,HILLSBOROUGH,28.00238,-82.57417,43.0,0.0,201.0,0.813953488372093,,FL AHCA 2020-06-19,FL AHCA 2020-06-19,DH-NUM_LICENS,FL AHCA 2020-06-19,FL AHCA 2020-06-19,40433615,753.0,100255.0,40433615,More recent data from 2020-06-19,FL AHCA
SOUTH BAY HOSPITAL,GENERAL ACUTE CARE,4016 SUN CITY CENTER BLVD,,SUN CITY CENTER,FL,33573,HILLSBOROUGH,27.71355,-82.36539,130.0,10.0,138.0,0.43846153846153846,0.6,FL AHCA 2020-06-19,FL AHCA 2020-06-19,DH-NUM_LICENS,FL AHCA 2020-06-19,FL AHCA 2020-06-19,36233573,754.0,,36233573,More recent data from 2020-06-19,FL AHCA
H LEE MOFFITT CANCER CTR & RESEARCH INST,GENERAL ACUTE CARE,12902 MAGNOLIA DR,,TAMPA,FL,33612,HILLSBOROUGH,28.0641,-82.42131,266.0,32.0,218.0,0.8195488721804511,0.75,FL AHCA 2020-06-19,FL AHCA 2020-06-19,DH-NUM_LICENS,FL AHCA 2020-06-19,FL AHCA 2020-06-19,15033612,755.0,100271.0,15033612,More recent data from 2020-06-19,FL AHCA
ST JOSEPH'S HOSPITAL NORTH,GENERAL ACUTE CARE,4211 VAN DYKE RD,,LUTZ,FL,33558,HILLSBOROUGH,28.12958,-82.50968,138.0,18.0,108.0,0.7246376811594203,0.7777777777777778,FL AHCA 2020-06-19,FL AHCA 2020-06-19,HIFLD-BEDS,FL AHCA 2020-06-19,FL AHCA 2020-06-19,38833558,,,38833558,More recent data from 2020-06-19,FL AHCA
ST. JOSEPH'S HOSPITAL SOUTH,GENERAL ACUTE CARE,6901 SIMMONS LOOP,,RIVERVIEW,FL,33578,HILLSBOROUGH,27.78778,-82.3451,155.0,30.0,114.0,0.7935483870967742,0.5666666666666667,FL AHCA 2020-06-19,FL AHCA 2020-06-19,HIFLD-BEDS,FL AHCA 2020-06-19,FL AHCA 2020-06-19,36533578,,,36533578,More recent data from 2020-06-19,FL AHCA
ST JOSEPH'S HOSPITAL BEHAVIORAL HEALTH CENTER,PSYCHIATRIC,4918 HABANA AVE,,TAMPA,FL,33607,HILLSBOROUGH,27.99168,-82.48982,60.0,0.0,60.0,0.9833333333333333,,FL AHCA 2020-06-19,FL AHCA 2020-06-19,DH-NUM_LICENS,FL AHCA 2020-06-19,FL AHCA 2020-06-19,38733607,6451.0,,38733607,More recent data from 2020-06-19,FL AHCA
DOCTORS MEMORIAL HOSPITAL,GENERAL ACUTE CARE,2600 HOSPITAL DR,,BONIFAY,FL,32425,HOLMES,30.76108,-85.68303,20.0,0.0,20.0,0.35,,FL AHCA 2020-06-19,FL AHCA 2020-06-19,DH-NUM_LICENS,FL AHCA 2020-06-19,FL AHCA 2020-06-19,8132425,757.0,101307.0,8132425,More recent data from 2020-06-19,FL AHCA
INDIAN RIVER MEDICAL CENTER,GENERAL ACUTE CARE,1000 36TH ST,,VERO BEACH,FL,32960,INDIAN RIVER,27.65842,-80.39516,312.0,24.0,332.0,0.5801282051282052,0.4583333333333333,FL AHCA 2020-06-19,FL AHCA 2020-06-19,DH-NUM_LICENS,FL AHCA 2020-06-19,FL AHCA 2020-06-19,17932960,758.0,100105.0,17932960,More recent data from 2020-06-19,FL AHCA
SEBASTIAN RIVER MEDICAL CENTER,GENERAL ACUTE CARE,13695 US HWY 1,,SEBASTIAN,FL,32958,INDIAN RIVER,27.84369,-80.48879,78.0,6.0,154.0,0.8589743589743589,0.6666666666666666,FL AHCA 2020-06-19,FL AHCA 2020-06-19,DH-NUM_LICENS,FL AHCA 2020-06-19,FL AHCA 2020-06-19,33932958,759.0,100217.0,33932958,More recent data from 2020-06-19,FL AHCA
HEALTHSOUTH TREASURE COAST REHABILITATION,REHABILITATION,1600 37TH ST,,VERO BEACH,FL,32960,INDIAN RIVER,27.66137,-80.40031,65.0,0.0,80.0,0.7538461538461538,,FL AHCA 2020-06-19,FL AHCA 2020-06-19,DH-NUM_LICENS,FL AHCA 2020-06-19,FL AHCA 2020-06-19,16732960,4580.0,103032.0,16732960,More recent data from 2020-06-19,FL AHCA
CAMPBELLTON-GRACEVILLE HOSPITAL,GENERAL ACUTE CARE,5429 COLLEGE DR,,GRACEVILLE,FL,32440,JACKSON,30.96304,-85.50674,0.0,0.0,25.0,,,FL AHCA 2020-06-19,FL AHCA 2020-06-19,HIFLD-BEDS,FL AHCA 2020-06-19,FL AHCA 2020-06-19,5232440,,,5232440,More recent data from 2020-06-19,FL AHCA
JACKSON HOSPITAL,GENERAL ACUTE CARE,4250 HOSPITAL DR,,MARIANNA,FL,32446,JACKSON,30.78684,-85.24131,81.0,6.0,100.0,0.5061728395061729,0.5,FL AHCA 2020-06-19,FL AHCA 2020-06-19,DH-NUM_LICENS,FL AHCA 2020-06-19,FL AHCA 2020-06-19,18032446,760.0,100142.0,18032446,More recent data from 2020-06-19,FL AHCA
SOUTH LAKE HOSPITAL,GENERAL ACUTE CARE,1900 DON WICKHAM DR,,CLERMONT,FL,34711,LAKE,28.55237,-81.72178,184.0,12.0,170.0,0.8858695652173914,0.8333333333333334,FL AHCA 2020-06-19,FL AHCA 2020-06-19,DH-NUM_LICENS,FL AHCA 2020-06-19,FL AHCA 2020-06-19,36834711,764.0,100051.0,36834711,More recent data from 2020-06-19,FL AHCA
FLORIDA HOSPITAL WATERMAN,GENERAL ACUTE CARE,1000 WATERMAN WAY,,TAVARES,FL,32778,LAKE,28.82367,-81.71179,245.0,20.0,303.0,0.8448979591836735,1.0,FL AHCA 2020-06-19,FL AHCA 2020-06-19,DH-NUM_LICENS,FL AHCA 2020-06-19,FL AHCA 2020-06-19,13332778,763.0,100057.0,13332778,More recent data from 2020-06-19,FL AHCA
LEESBURG REGIONAL MEDICAL CENTER,GENERAL ACUTE CARE,600 E DIXIE AVE,,LEESBURG,FL,34748,LAKE,28.80783,-81.86831,332.0,48.0,332.0,0.7469879518072289,0.8333333333333334,FL AHCA 2020-06-19,FL AHCA 2020-06-19,DH-NUM_LICENS,FL AHCA 2020-06-19,FL AHCA 2020-06-19,22434748,762.0,100084.0,22434748,More recent data from 2020-06-19,FL AHCA
LIFESTREAM BEHAVIORAL CENTER,PSYCHIATRIC,2020 TALLY RD,,LEESBURG,FL,34748,LAKE,28.8369,-81.89548,46.0,0.0,66.0,0.8913043478260869,,FL AHCA 2020-06-19,FL AHCA 2020-06-19,HCRIS-Total Staffed Beds,FL AHCA 2020-06-19,FL AHCA 2020-06-19,22834748,5097.0,104018.0,22834748,More recent data from 2020-06-19,FL AHCA
LEE MEMORIAL HOSPITAL,GENERAL ACUTE CARE,2776 CLEVELAND AVE,,FORT MYERS,FL,33901,LEE,26.62839,-81.87402,351.0,26.0,743.0,0.8746438746438746,0.7307692307692307,FL AHCA 2020-06-19,FL AHCA 2020-06-19,HCRIS-Total Staffed Beds,FL AHCA 2020-06-19,FL AHCA 2020-06-19,22233901,766.0,100012.0,22233901,More recent data from 2020-06-19,FL AHCA
LEHIGH REGIONAL MEDICAL CENTER,GENERAL ACUTE CARE,1500 LEE BLVD,,LEHIGH ACRES,FL,33936,LEE,26.61573,-81.65948,32.0,8.0,88.0,0.6875,0.75,FL AHCA 2020-06-19,FL AHCA 2020-06-19,DH-NUM_LICENS,FL AHCA 2020-06-19,FL AHCA 2020-06-19,22733936,765.0,100107.0,22733936,More recent data from 2020-06-19,FL AHCA
GULF COAST MEDICAL CENTER LEE MEMORIAL H,GENERAL ACUTE CARE,13681 DOCTORS WAY,,FORT MYERS,FL,33912,LEE,26.54365,-81.85001,464.0,52.0,647.0,0.8103448275862069,0.75,FL AHCA 2020-06-19,FL AHCA 2020-06-19,DH-NUM_LICENS,FL AHCA 2020-06-19,FL AHCA 2020-06-19,14833912,767.0,100220.0,14833912,More recent data from 2020-06-19,FL AHCA
CAPE CORAL HOSPITAL,GENERAL ACUTE CARE,636 DEL PRADO BLVD,,CAPE CORAL,FL,33990,LEE,26.63921,-81.94202,301.0,21.0,291.0,0.7973421926910299,0.9047619047619048,FL AHCA 2020-06-19,FL AHCA 2020-06-19,DH-NUM_LICENS,FL AHCA 2020-06-19,FL AHCA 2020-06-19,5533990,768.0,100244.0,5533990,More recent data from 2020-06-19,FL AHCA
HEALTHPARK MEDICAL CENTER,GENERAL ACUTE CARE,9981 HEALTHPARK CIR,,FORT MYERS,FL,33908,LEE,26.50728,-81.91305,724.0,31.0,496.0,0.5497237569060773,0.6129032258064516,FL AHCA 2020-06-19,FL AHCA 2020-06-19,HIFLD-BEDS,FL AHCA 2020-06-19,FL AHCA 2020-06-19,15833908,,,15833908,More recent data from 2020-06-19,FL AHCA
PARK ROYAL HOSPITAL,PSYCHIATRIC,9241 PARK ROYAL DR,,FORT MYERS,FL,33908,LEE,26.51043,-81.90957,114.0,0.0,114.0,0.8070175438596491,,FL AHCA 2020-06-19,FL AHCA 2020-06-19,DH-NUM_LICENS,FL AHCA 2020-06-19,FL AHCA 2020-06-19,30833908,5989.0,104074.0,30833908,More recent data from 2020-06-19,FL AHCA
PROMISE HOSPITAL OF FORT MYERS,LONG TERM CARE,3050 CHAMPION RING RD,,FORT MYERS,FL,33905,LEE,26.63041,-81.80295,60.0,6.0,60.0,0.75,0.8333333333333334,FL AHCA 2020-06-19,FL AHCA 2020-06-19,DH-NUM_LICENS,FL AHCA 2020-06-19,FL AHCA 2020-06-19,35933905,6098.0,102029.0,35933905,More recent data from 2020-06-19,FL AHCA
TALLAHASSEE MEMORIAL HOSPITAL,GENERAL ACUTE CARE,1300 MICCOSUKEE RD,,TALLAHASSEE,FL,32308,LEON,30.45688,-84.26141,487.0,46.0,772.0,0.6960985626283368,0.7391304347826086,FL AHCA 2020-06-19,FL AHCA 2020-06-19,DH-NUM_LICENS,FL AHCA 2020-06-19,FL AHCA 2020-06-19,39632308,770.0,100135.0,39632308,More recent data from 2020-06-19,FL AHCA
CAPITAL REGIONAL MEDICAL CENTER,GENERAL ACUTE CARE,2626 CAPITAL MEDICAL BLVD,,TALLAHASSEE,FL,32308,LEON,30.47571,-84.23155,266.0,20.0,266.0,0.7443609022556391,0.55,FL AHCA 2020-06-19,FL AHCA 2020-06-19,DH-NUM_LICENS,FL AHCA 2020-06-19,FL AHCA 2020-06-19,5632308,769.0,100254.0,5632308,More recent data from 2020-06-19,FL AHCA
HEALTHSOUTH REHABILITATION HOSPITAL OF TALLAHASSEE,REHABILITATION,1675 RIGGINS RD,,TALLAHASSEE,FL,32308,LEON,30.4596,-84.23702,55.0,0.0,76.0,0.7454545454545455,,FL AHCA 2020-06-19,FL AHCA 2020-06-19,DH-NUM_LICENS,FL AHCA 2020-06-19,FL AHCA 2020-06-19,16432308,4917.0,103033.0,16432308,More recent data from 2020-06-19,FL AHCA
EASTSIDE PSYCHIATRIC HOSPITAL,PSYCHIATRIC,2634B CAPITAL CIRCLE NE,,TALLAHASSEE,FL,32308,LEON,30.48751,-84.23934,32.0,0.0,46.0,0.34375,,FL AHCA 2020-06-19,FL AHCA 2020-06-19,DH-NUM_LICENS,FL AHCA 2020-06-19,FL AHCA 2020-06-19,8732308,4688.0,104059.0,8732308,More recent data from 2020-06-19,FL AHCA
SELECT SPECIALTY HOSPITAL - TALLAHASSEE,GENERAL ACUTE CARE,1554 SURGEONS DR,,TALLAHASSEE,FL,32308,LEON,30.46169,-84.25293,48.0,6.0,48.0,0.5208333333333334,0.5,FL AHCA 2020-06-19,FL AHCA 2020-06-19,DH-NUM_LICENS,FL AHCA 2020-06-19,FL AHCA 2020-06-19,34032308,5228.0,102020.0,34032308,More recent data from 2020-06-19,FL AHCA
MADISON COUNTY MEMORIAL HOSPITAL,GENERAL ACUTE CARE,309 NE MARION ST,,MADISON,FL,32340,MADISON,30.47051,-83.4115,15.0,0.0,25.0,0.4,,FL AHCA 2020-06-19,FL AHCA 2020-06-19,HIFLD-BEDS,FL AHCA 2020-06-19,FL AHCA 2020-06-19,23032340,,,23032340,More recent data from 2020-06-19,FL AHCA
MANATEE MEMORIAL HOSPITAL,GENERAL ACUTE CARE,206 2ND ST E,,BRADENTON,FL,34208,MANATEE,27.49701,-82.562,373.0,46.0,295.0,0.739946380697051,0.4782608695652174,FL AHCA 2020-06-19,FL AHCA 2020-06-19,DH-NUM_LICENS,FL AHCA 2020-06-19,FL AHCA 2020-06-19,23534208,772.0,100035.0,23534208,More recent data from 2020-06-19,FL AHCA
BLAKE MEDICAL CENTER,GENERAL ACUTE CARE,2020 59TH ST W,,BRADENTON,FL,34209,MANATEE,27.4822,-82.62374,352.0,35.0,383.0,0.7471590909090909,0.7714285714285715,FL AHCA 2020-06-19,FL AHCA 2020-06-19,DH-NUM_LICENS,FL AHCA 2020-06-19,FL AHCA 2020-06-19,3434209,771.0,100213.0,3434209,More recent data from 2020-06-19,FL AHCA
CENTERSTONE OF FLORIDA,PSYCHIATRIC,2020 26TH AVE E,,BRADENTON,FL,34208,MANATEE,27.47566,-82.53969,44.0,0.0,37.0,0.8181818181818182,,FL AHCA 2020-06-19,FL AHCA 2020-06-19,DH-NUM_LICENS,FL AHCA 2020-06-19,FL AHCA 2020-06-19,23234208,4807.0,104040.0,23234208,More recent data from 2020-06-19,FL AHCA
SUNCOAST BEHAVIORAL HEALTH CENTER,PSYCHIATRIC,4480 51ST ST W,,BRADENTON,FL,34210,MANATEE,27.45973,-82.61295,60.0,0.0,60.0,0.5166666666666667,,FL AHCA 2020-06-19,FL AHCA 2020-06-19,DH-NUM_LICENS,FL AHCA 2020-06-19,FL AHCA 2020-06-19,23634210,6165.0,104078.0,23634210,More recent data from 2020-06-19,FL AHCA
LAKEWOOD RANCH MEDICAL CENTER,GENERAL ACUTE CARE,8330 LAKEWOOD RANCH BLVD,,BRADENTON,FL,34202,MANATEE,27.3906,-82.4354,115.0,9.0,120.0,0.7739130434782608,0.4444444444444444,FL AHCA 2020-06-19,FL AHCA 2020-06-19,DH-NUM_LICENS,FL AHCA 2020-06-19,FL AHCA 2020-06-19,21734202,773.0,100299.0,21734202,More recent data from 2020-06-19,FL AHCA
MUNROE REGIONAL MEDICAL CENTER,GENERAL ACUTE CARE,1500 SW 1ST AVE,,OCALA,FL,34471,MARION,29.1749,-82.13899,484.0,44.0,425.0,0.5702479338842975,0.4772727272727273,FL AHCA 2020-06-19,FL AHCA 2020-06-19,DH-NUM_LICENS,FL AHCA 2020-06-19,FL AHCA 2020-06-19,27534471,774.0,100062.0,27534471,More recent data from 2020-06-19,FL AHCA
OCALA REGIONAL MEDICAL CENTER,GENERAL ACUTE CARE,1431 SW 1ST AVE,,OCALA,FL,34474,MARION,29.1754,-82.13679,256.0,46.0,256.0,0.921875,0.8260869565217391,FL AHCA 2020-06-19,FL AHCA 2020-06-19,DH-NUM_LICENS,FL AHCA 2020-06-19,FL AHCA 2020-06-19,29034474,775.0,,29034474,More recent data from 2020-06-19,FL AHCA
WEST MARION COMMUNITY HOSPITAL,GENERAL ACUTE CARE,4600 SW 46TH CT,,OCALA,FL,34474,MARION,29.1411,-82.20008,186.0,18.0,94.0,0.7634408602150538,0.9444444444444444,FL AHCA 2020-06-19,FL AHCA 2020-06-19,HIFLD-BEDS,FL AHCA 2020-06-19,FL AHCA 2020-06-19,42534474,,,42534474,More recent data from 2020-06-19,FL AHCA
KINDRED HOSPITAL OCALA,LONG TERM CARE,"1500 SW 1ST AVE, 5TH FLOOR",5th Floor,OCALA,FL,34474,MARION,29.1761,-82.13837,15.0,0.0,31.0,0.8,,FL AHCA 2020-06-19,FL AHCA 2020-06-19,DH-NUM_LICENS,FL AHCA 2020-06-19,FL AHCA 2020-06-19,19834474,5249.0,,19834474,More recent data from 2020-06-19,FL AHCA
VINES HOSPITAL,PSYCHIATRIC,3130 SW 27TH AVE,,OCALA,FL,34474,MARION,29.15555,-82.17053,98.0,0.0,98.0,0.6020408163265306,,FL AHCA 2020-06-19,FL AHCA 2020-06-19,DH-NUM_LICENS,FL AHCA 2020-06-19,FL AHCA 2020-06-19,41734474,4443.0,104071.0,41734474,More recent data from 2020-06-19,FL AHCA
HEALTHSOUTH REHABILITATION HOSPITAL OF OCALA,REHABILITATION,2275 SW 22ND LANE,,OCALA,FL,34471,MARION,29.16588,-82.16233,68.0,0.0,70.0,0.7794117647058824,,FL AHCA 2020-06-19,FL AHCA 2020-06-19,DH-NUM_LICENS,FL AHCA 2020-06-19,FL AHCA 2020-06-19,36334471,6068.0,103043.0,36334471,More recent data from 2020-06-19,FL AHCA
MARTIN MEMORIAL MEDICAL CENTER,GENERAL ACUTE CARE,200 SE HOSPITAL AVE,,STUART,FL,34994,MARTIN,27.2,-80.24281,243.0,26.0,521.0,0.48559670781893005,0.34615384615384615,FL AHCA 2020-06-19,FL AHCA 2020-06-19,HCRIS-Total Staffed Beds,FL AHCA 2020-06-19,FL AHCA 2020-06-19,23934994,776.0,100044.0,23934994,More recent data from 2020-06-19,FL AHCA
HEALTHSOUTH REHABILITATION HOSPITAL AT MARTIN HEALTH,REHABILITATION,5850 SE COMMUNITY DR,,STUART,FL,34997,MARTIN,27.13344,-80.22246,64.0,0.0,64.0,0.921875,,FL AHCA 2020-06-19,FL AHCA 2020-06-19,DH-NUM_LICENS,FL AHCA 2020-06-19,FL AHCA 2020-06-19,36634997,6076.0,103044.0,36634997,More recent data from 2020-06-19,FL AHCA
CORAL SHORES BEHAVIORAL HEALTH,PSYCHIATRIC,5995 SE COMMUNITY DRIVE,,STUART,FL,34997,MARTIN,27.13145,-80.22126,79.0,0.0,80.0,0.35443037974683544,,FL AHCA 2020-06-19,FL AHCA 2020-06-19,DH-NUM_LICENS,FL AHCA 2020-06-19,FL AHCA 2020-06-19,167934997,6410.0,104080.0,167934997,More recent data from 2020-06-19,FL AHCA
BAPTIST HOSPITAL OF MIAMI,GENERAL ACUTE CARE,8900 N KENDALL DR,,MIAMI,FL,33176,MIAMI-DADE,25.68443,-80.3388,767.0,88.0,728.0,0.8435462842242504,0.8863636363636364,FL AHCA 2020-06-19,FL AHCA 2020-06-19,DH-NUM_LICENS,FL AHCA 2020-06-19,FL AHCA 2020-06-19,1333176,781.0,100008.0,1333176,More recent data from 2020-06-19,FL AHCA
UNIVERSITY OF MIAMI HOSPITAL,GENERAL ACUTE CARE,1400 NW 12TH AVE,,MIAMI,FL,33136,MIAMI-DADE,25.78867,-80.21592,398.0,46.0,525.0,0.7236180904522613,0.717391304347826,FL AHCA 2020-06-19,FL AHCA 2020-06-19,HIFLD-BEDS,FL AHCA 2020-06-19,FL AHCA 2020-06-19,41033136,,,41033136,More recent data from 2020-06-19,FL AHCA
DOCTORS HOSPITAL,GENERAL ACUTE CARE,5000 UNIVERSITY DR,,CORAL GABLES,FL,33146,MIAMI-DADE,25.7241,-80.27423,142.0,18.0,281.0,0.6338028169014085,0.6111111111111112,FL AHCA 2020-06-19,FL AHCA 2020-06-19,DH-NUM_LICENS,FL AHCA 2020-06-19,FL AHCA 2020-06-19,7633146,791.0,100296.0,7633146,More recent data from 2020-06-19,FL AHCA
JACKSON MEMORIAL HOSPITAL,GENERAL ACUTE CARE,1611 NW 12TH AVE,,MIAMI,FL,33136,MIAMI-DADE,25.79235,-80.21349,1397.0,233.0,1493.0,0.753042233357194,0.7982832618025751,FL AHCA 2020-06-19,FL AHCA 2020-06-19,DH-NUM_LICENS,FL AHCA 2020-06-19,FL AHCA 2020-06-19,18433136,780.0,100022.0,18433136,More recent data from 2020-06-19,FL AHCA
NORTH SHORE MEDICAL CENTER,GENERAL ACUTE CARE,1100 NW 95TH ST,,MIAMI,FL,33150,MIAMI-DADE,25.85979,-80.2147,241.0,30.0,748.0,0.8962655601659751,0.8666666666666667,FL AHCA 2020-06-19,FL AHCA 2020-06-19,HCRIS-Total Staffed Beds,FL AHCA 2020-06-19,FL AHCA 2020-06-19,28133150,779.0,100029.0,28133150,More recent data from 2020-06-19,FL AHCA
MOUNT SINAI MEDICAL CENTER,GENERAL ACUTE CARE,4300 ALTON RD,,MIAMI BEACH,FL,33140,MIAMI-DADE,25.81322,-80.13968,603.0,109.0,672.0,0.6102819237147595,0.5321100917431193,FL AHCA 2020-06-19,FL AHCA 2020-06-19,DH-NUM_LICENS,FL AHCA 2020-06-19,FL AHCA 2020-06-19,27333140,777.0,100034.0,27333140,More recent data from 2020-06-19,FL AHCA
LARKIN COMMUNITY HOSPITAL PALM SPRINGS CAMPUS,GENERAL ACUTE CARE,1475 W 49TH ST,,HIALEAH,FL,33012,MIAMI-DADE,25.86854,-80.31227,186.0,14.0,247.0,0.6827956989247311,1.0,FL AHCA 2020-06-19,FL AHCA 2020-06-19,DH-NUM_LICENS,FL AHCA 2020-06-19,FL AHCA 2020-06-19,30133012,778.0,100050.0,30133012,More recent data from 2020-06-19,FL AHCA
HIALEAH HOSPITAL,GENERAL ACUTE CARE,651 E 25TH ST,,HIALEAH,FL,33013,MIAMI-DADE,25.84556,-80.26896,261.0,21.0,366.0,0.8199233716475096,0.8571428571428571,FL AHCA 2020-06-19,FL AHCA 2020-06-19,DH-NUM_LICENS,FL AHCA 2020-06-19,FL AHCA 2020-06-19,17133013,782.0,100053.0,17133013,More recent data from 2020-06-19,FL AHCA
MERCY HOSPITAL,GENERAL ACUTE CARE,3663 S MIAMI AVE,,MIAMI,FL,33133,MIAMI-DADE,25.74016,-80.21435,443.0,47.0,488.0,0.5598194130925508,0.6595744680851063,FL AHCA 2020-06-19,FL AHCA 2020-06-19,HIFLD-BEDS,FL AHCA 2020-06-19,FL AHCA 2020-06-19,26233133,,,26233133,More recent data from 2020-06-19,FL AHCA
UNIVERSITY OF MIAMI HOSPITAL AND CLINICS,SPECIAL,1475 NW 12TH AVE,Fl 1,MIAMI,FL,33136,MIAMI-DADE,25.7888,-80.21456,40.0,40.0,524.0,0.525,0.525,FL AHCA 2020-06-19,FL AHCA 2020-06-19,HCRIS-Total Staffed Beds,FL AHCA 2020-06-19,FL AHCA 2020-06-19,41233136,783.0,100079.0,41233136,More recent data from 2020-06-19,FL AHCA
JACKSON NORTH MEDICAL CENTER,GENERAL ACUTE CARE,160 NW 170TH ST,,NORTH MIAMI BEACH,FL,33169,MIAMI-DADE,25.93041,-80.20369,276.0,24.0,382.0,0.6195652173913043,0.9583333333333334,FL AHCA 2020-06-19,FL AHCA 2020-06-19,HIFLD-BEDS,FL AHCA 2020-06-19,FL AHCA 2020-06-19,18633169,,,18633169,More recent data from 2020-06-19,FL AHCA
HOMESTEAD HOSPITAL,GENERAL ACUTE CARE,975 BAPTIST WAY,,HOMESTEAD,FL,33033,MIAMI-DADE,25.47997,-80.43009,155.0,16.0,147.0,0.9354838709677419,0.875,FL AHCA 2020-06-19,FL AHCA 2020-06-19,DH-NUM_LICENS,FL AHCA 2020-06-19,FL AHCA 2020-06-19,17733033,788.0,100125.0,17733033,More recent data from 2020-06-19,FL AHCA
AVENTURA HOSPITAL AND MEDICAL CENTER,GENERAL ACUTE CARE,20900 BISCAYNE BLVD,,AVENTURA,FL,33180,MIAMI-DADE,25.9702,-80.1454,393.0,52.0,407.0,0.8193384223918575,0.6346153846153846,FL AHCA 2020-06-19,FL AHCA 2020-06-19,DH-NUM_LICENS,FL AHCA 2020-06-19,FL AHCA 2020-06-19,933180,790.0,100131.0,933180,More recent data from 2020-06-19,FL AHCA
KINDRED HOSPITAL-SOUTH FLORIDA-CORAL GABLES,LONG TERM CARE,5190 SW 8TH ST,,CORAL GABLES,FL,33134,MIAMI-DADE,25.76372,-80.27895,57.0,5.0,55.0,0.8947368421052632,0.6,FL AHCA 2020-06-19,FL AHCA 2020-06-19,HIFLD-BEDS,FL AHCA 2020-06-19,FL AHCA 2020-06-19,20433134,,,20433134,More recent data from 2020-06-19,FL AHCA
SOUTH MIAMI HOSPITAL,GENERAL ACUTE CARE,6200 SW 73RD ST,,MIAMI,FL,33143,MIAMI-DADE,25.70211,-80.29427,445.0,28.0,436.0,0.6853932584269663,0.42857142857142855,FL AHCA 2020-06-19,FL AHCA 2020-06-19,DH-NUM_LICENS,FL AHCA 2020-06-19,FL AHCA 2020-06-19,36933143,789.0,100154.0,36933143,More recent data from 2020-06-19,FL AHCA
WESTCHESTER GENERAL HOSPITAL,GENERAL ACUTE CARE,2500 SW 75TH AVE,,MIAMI,FL,33155,MIAMI-DADE,25.74751,-80.31746,78.0,7.0,125.0,0.9615384615384616,0.5714285714285714,FL AHCA 2020-06-19,FL AHCA 2020-06-19,DH-NUM_LICENS,FL AHCA 2020-06-19,FL AHCA 2020-06-19,42733155,793.0,100284.0,42733155,More recent data from 2020-06-19,FL AHCA
LARKIN COMMUNITY HOSPITAL,GENERAL ACUTE CARE,7031 SW 62ND AVE,,SOUTH MIAMI,FL,33143,MIAMI-DADE,25.7056,-80.29323,116.0,8.0,146.0,0.8620689655172413,0.875,FL AHCA 2020-06-19,FL AHCA 2020-06-19,DH-NUM_LICENS,FL AHCA 2020-06-19,FL AHCA 2020-06-19,22033143,785.0,100181.0,22033143,More recent data from 2020-06-19,FL AHCA
CORAL GABLES HOSPITAL,GENERAL ACUTE CARE,3100 DOUGLAS RD,,CORAL GABLES,FL,33134,MIAMI-DADE,25.74376,-80.25482,127.0,16.0,245.0,0.7401574803149606,0.6875,FL AHCA 2020-06-19,FL AHCA 2020-06-19,DH-NUM_LICENS,FL AHCA 2020-06-19,FL AHCA 2020-06-19,7033134,786.0,100183.0,7033134,More recent data from 2020-06-19,FL AHCA
PALMETTO GENERAL HOSPITAL,GENERAL ACUTE CARE,2001 W 68TH ST,,HIALEAH,FL,33016,MIAMI-DADE,25.88577,-80.32636,474.0,56.0,368.0,0.5632911392405063,0.8035714285714286,FL AHCA 2020-06-19,FL AHCA 2020-06-19,DH-NUM_LICENS,FL AHCA 2020-06-19,FL AHCA 2020-06-19,30233016,787.0,100187.0,30233016,More recent data from 2020-06-19,FL AHCA
DOUGLAS GARDENS HOSPITAL,GENERAL ACUTE CARE,5200 NE 2ND AVE,,MIAMI,FL,33137,MIAMI-DADE,25.82283,-80.19245,32.0,0.0,32.0,0.28125,,FL AHCA 2020-06-19,FL AHCA 2020-06-19,DH-NUM_LICENS,FL AHCA 2020-06-19,FL AHCA 2020-06-19,8333137,794.0,100277.0,8333137,More recent data from 2020-06-19,FL AHCA
JACKSON SOUTH COMMUNITY HOSPITAL,GENERAL ACUTE CARE,9333 SW 152ND ST,,MIAMI,FL,33157,MIAMI-DADE,25.62974,-80.3447,287.0,36.0,250.0,0.7212543554006968,0.6111111111111112,FL AHCA 2020-06-19,FL AHCA 2020-06-19,HIFLD-BEDS,FL AHCA 2020-06-19,FL AHCA 2020-06-19,18733157,,,18733157,More recent data from 2020-06-19,FL AHCA
KENDALL REGIONAL MEDICAL CENTER,GENERAL ACUTE CARE,11750 BIRD RD,,MIAMI,FL,33175,MIAMI-DADE,25.73097,-80.38607,417.0,52.0,417.0,0.8321342925659473,1.0,FL AHCA 2020-06-19,FL AHCA 2020-06-19,DH-NUM_LICENS,FL AHCA 2020-06-19,FL AHCA 2020-06-19,19633175,784.0,100209.0,19633175,More recent data from 2020-06-19,FL AHCA
ANNE BATES LEACH EYE HOSPITAL,GENERAL ACUTE CARE,900 NW 17TH ST,,MIAMI,FL,33136,MIAMI-DADE,25.79114,-80.2108,0.0,0.0,100.0,,,FL AHCA 2020-06-19,FL AHCA 2020-06-19,HIFLD-BEDS,FL AHCA 2020-06-19,FL AHCA 2020-06-19,433136,,,433136,More recent data from 2020-06-19,FL AHCA
ST CATHERINE'S REHABILITATION HOSPITAL,REHABILITATION,1050 NE 125TH ST,,NORTH MIAMI,FL,33161,MIAMI-DADE,25.88987,-80.17766,22.0,0.0,60.0,0.13636363636363635,,FL AHCA 2020-06-19,FL AHCA 2020-06-19,HCRIS-Total Staffed Beds,FL AHCA 2020-06-19,FL AHCA 2020-06-19,38133161,4480.0,103026.0,38133161,More recent data from 2020-06-19,FL AHCA
HEALTHSOUTH REHABILITATION HOSPITAL OF MIAMI,REHABILITATION,20601 OLD CUTLER RD,,MIAMI,FL,33189,MIAMI-DADE,25.57485,-80.34098,60.0,0.0,60.0,0.7,,FL AHCA 2020-06-19,FL AHCA 2020-06-19,DH-NUM_LICENS,FL AHCA 2020-06-19,FL AHCA 2020-06-19,16133189,4558.0,103038.0,16133189,More recent data from 2020-06-19,FL AHCA
SOUTHERN WINDS HOSPITAL,PSYCHIATRIC,4225 W 20TH AVE,,HIALEAH,FL,33012,MIAMI-DADE,25.86034,-80.32153,72.0,0.0,72.0,0.9722222222222222,,FL AHCA 2020-06-19,FL AHCA 2020-06-19,DH-NUM_LICENS,FL AHCA 2020-06-19,FL AHCA 2020-06-19,37433012,5992.0,104049.0,37433012,More recent data from 2020-06-19,FL AHCA
WEST GABLES REHABILITATION HOSPITAL,REHABILITATION,2525 SW 75TH AVE,,MIAMI,FL,33155,MIAMI-DADE,25.74698,-80.31672,54.0,0.0,60.0,1.0,,FL AHCA 2020-06-19,FL AHCA 2020-06-19,DH-NUM_LICENS,FL AHCA 2020-06-19,FL AHCA 2020-06-19,42333155,4914.0,103036.0,42333155,More recent data from 2020-06-19,FL AHCA
NICKLAUS CHILDREN'S HOSPITAL,CHILDREN,3100 SW 62ND AVE,,MIAMI,FL,33155,MIAMI-DADE,25.74146,-80.2943,235.0,0.0,309.0,0.8595744680851064,,FL AHCA 2020-06-19,FL AHCA 2020-06-19,DH-NUM_LICENS,FL AHCA 2020-06-19,FL AHCA 2020-06-19,26633155,5136.0,103301.0,26633155,More recent data from 2020-06-19,FL AHCA
SOUTH FLORIDA EVALUATION AND TREATMENT CENTER,PSYCHIATRIC,18680 SW 376 ST,,FLORIDA CITY,FL,33034,MIAMI-DADE,25.41941,-80.49143,200.0,0.0,249.0,1.0,,FL AHCA 2020-06-19,FL AHCA 2020-06-19,DH-NUM_LICENS,FL AHCA 2020-06-19,FL AHCA 2020-06-19,36633034,5994.0,,36633034,More recent data from 2020-06-19,FL AHCA
SELECT SPECIALTY HOSPITAL-MIAMI,LONG TERM CARE,"955 NW 3RD ST, 8TH FLOOR",Victoria Ctr,MIAMI,FL,33128,MIAMI-DADE,25.77685,-80.21064,47.0,5.0,47.0,0.8936170212765957,1.0,FL AHCA 2020-06-19,FL AHCA 2020-06-19,DH-NUM_LICENS,FL AHCA 2020-06-19,FL AHCA 2020-06-19,34733128,4452.0,,34733128,More recent data from 2020-06-19,FL AHCA
WEST KENDALL BAPTIST HOSPITAL,GENERAL ACUTE CARE,9555 SW 162 AVE,,MIAMI,FL,33196,MIAMI-DADE,25.67817,-80.45596,155.0,12.0,133.0,0.864516129032258,0.9166666666666666,FL AHCA 2020-06-19,FL AHCA 2020-06-19,DH-NUM_LICENS,FL AHCA 2020-06-19,FL AHCA 2020-06-19,42433196,5774.0,100314.0,42433196,More recent data from 2020-06-19,FL AHCA
PROMISE HOSPITAL OF MIAMI,LONG TERM CARE,14001 NW 8ND AVE,,MIAMI LAKES,FL,33016,MIAMI-DADE,25.90034,-80.33152,60.0,8.0,60.0,0.85,0.875,FL AHCA 2020-06-19,FL AHCA 2020-06-19,DH-NUM_LICENS,FL AHCA 2020-06-19,FL AHCA 2020-06-19,36133016,6043.0,102031.0,36133016,More recent data from 2020-06-19,FL AHCA
ST CATHERINE'S WEST REHABILITATION HOSPITAL,REHABILITATION,8850 NW 122ND ST,,HIALEAH GARDENS,FL,33018,MIAMI-DADE,25.88376,-80.34297,40.0,0.0,22.0,0.525,,FL AHCA 2020-06-19,FL AHCA 2020-06-19,HIFLD-BEDS,FL AHCA 2020-06-19,FL AHCA 2020-06-19,38233018,,,38233018,More recent data from 2020-06-19,FL AHCA
FISHERMEN'S HOSPITAL,GENERAL ACUTE CARE,3301 OVERSEAS HWY,,MARATHON,FL,33050,MONROE,24.71036,-81.09444,4.0,0.0,5.0,0.0,,FL AHCA 2020-06-19,FL AHCA 2020-06-19,HCRIS-Total Staffed Beds,FL AHCA 2020-06-19,FL AHCA 2020-06-19,9733050,797.0,101312.0,9733050,More recent data from 2020-06-19,FL AHCA
DEPOO HOSPITAL,GENERAL ACUTE CARE,1200 KENNEDY DR,,KEY WEST,FL,33040,MONROE,24.5642,-81.76741,23.0,0.0,49.0,0.9565217391304348,,FL AHCA 2020-06-19,FL AHCA 2020-06-19,HIFLD-BEDS,FL AHCA 2020-06-19,FL AHCA 2020-06-19,7333040,,,7333040,More recent data from 2020-06-19,FL AHCA
MARINERS HOSPITAL,GENERAL ACUTE CARE,91500 OVERSEAS HWY,,TAVERNIER,FL,33070,MONROE,25.00616,-80.52231,25.0,4.0,25.0,0.12,0.25,FL AHCA 2020-06-19,FL AHCA 2020-06-19,DH-NUM_LICENS,FL AHCA 2020-06-19,FL AHCA 2020-06-19,23733070,796.0,101313.0,23733070,More recent data from 2020-06-19,FL AHCA
LOWER KEYS MEDICAL CENTER,GENERAL ACUTE CARE,5900 COLLEGE RD,,KEY WEST,FL,33040,MONROE,24.58082,-81.74258,64.0,10.0,118.0,0.828125,0.5,FL AHCA 2020-06-19,FL AHCA 2020-06-19,DH-NUM_LICENS,FL AHCA 2020-06-19,FL AHCA 2020-06-19,22933040,795.0,100150.0,22933040,More recent data from 2020-06-19,FL AHCA
BAPTIST MEDICAL CENTER - NASSAU,GENERAL ACUTE CARE,1250 S 18TH ST,,FERNANDINA BEACH,FL,32034,NASSAU,30.65321,-81.44912,86.0,8.0,62.0,0.29069767441860467,0.75,FL AHCA 2020-06-19,FL AHCA 2020-06-19,DH-NUM_LICENS,FL AHCA 2020-06-19,FL AHCA 2020-06-19,1732034,798.0,100140.0,1732034,More recent data from 2020-06-19,FL AHCA
TWIN CITIES HOSPITAL,GENERAL ACUTE CARE,2190 HWY 85 N,,NICEVILLE,FL,32578,OKALOOSA,30.53359,-86.49548,43.0,8.0,65.0,0.6046511627906976,0.75,FL AHCA 2020-06-19,FL AHCA 2020-06-19,DH-NUM_LICENS,FL AHCA 2020-06-19,FL AHCA 2020-06-19,40632578,801.0,100054.0,40632578,More recent data from 2020-06-19,FL AHCA
NORTH OKALOOSA MEDICAL CENTER,GENERAL ACUTE CARE,151 REDSTONE AVE SE,,CRESTVIEW,FL,32539,OKALOOSA,30.73535,-86.56253,113.0,20.0,110.0,0.5309734513274337,0.8,FL AHCA 2020-06-19,FL AHCA 2020-06-19,DH-NUM_LICENS,FL AHCA 2020-06-19,FL AHCA 2020-06-19,27932539,799.0,100122.0,27932539,More recent data from 2020-06-19,FL AHCA
FORT WALTON BEACH MEDICAL CENTER,GENERAL ACUTE CARE,1000 MAR-WALT DR,,FORT WALTON BEACH,FL,32547,OKALOOSA,30.45444,-86.63321,254.0,26.0,237.0,0.9448818897637795,1.0,FL AHCA 2020-06-19,FL AHCA 2020-06-19,DH-NUM_LICENS,FL AHCA 2020-06-19,FL AHCA 2020-06-19,13932547,800.0,100223.0,13932547,More recent data from 2020-06-19,FL AHCA
GULF COAST TREATMENT CENTER,PSYCHIATRIC,1015 MAR WALT DR,,FORT WALTON BEACH,FL,32547,OKALOOSA,30.45559,-86.63593,28.0,0.0,28.0,1.0,,FL AHCA 2020-06-19,FL AHCA 2020-06-19,DH-NUM_LICENS,FL AHCA 2020-06-19,FL AHCA 2020-06-19,14932547,4594.0,,14932547,More recent data from 2020-06-19,FL AHCA
REHABILITATION INSTITUTE OF NORTHWEST FLORIDA,GENERAL ACUTE CARE,996 AIRPORT RD,,DESTIN,FL,32541,OKALOOSA,30.39412,-86.47191,30.0,0.0,237.0,0.7,,FL AHCA 2020-06-19,FL AHCA 2020-06-19,HIFLD-BEDS,FL AHCA 2020-06-19,FL AHCA 2020-06-19,32832541,,,32832541,More recent data from 2020-06-19,FL AHCA
RAULERSON HOSPITAL,GENERAL ACUTE CARE,1796 HWY 441 NORTH,,OKEECHOBEE,FL,34972,OKEECHOBEE,27.26027,-80.82869,100.0,8.0,100.0,0.38,1.0,FL AHCA 2020-06-19,FL AHCA 2020-06-19,DH-NUM_LICENS,FL AHCA 2020-06-19,FL AHCA 2020-06-19,32334972,802.0,100252.0,32334972,More recent data from 2020-06-19,FL AHCA
ORLANDO REGIONAL MEDICAL CENTER,GENERAL ACUTE CARE,52 W UNDERWOOD ST,,ORLANDO,FL,32806,ORANGE,28.52572,-81.3772,641.0,51.0,1468.0,0.9984399375975039,1.0,FL AHCA 2020-06-19,FL AHCA 2020-06-19,HCRIS-Total Staffed Beds,FL AHCA 2020-06-19,FL AHCA 2020-06-19,29332806,803.0,100006.0,29332806,More recent data from 2020-06-19,FL AHCA
FLORIDA HOSPITAL ORLANDO,GENERAL ACUTE CARE,601 E ROLLINS ST,,ORLANDO,FL,32803,ORANGE,28.57441,-81.37,1175.0,185.0,2753.0,0.8127659574468085,0.7351351351351352,FL AHCA 2020-06-19,FL AHCA 2020-06-19,HCRIS-Total Staffed Beds,FL AHCA 2020-06-19,FL AHCA 2020-06-19,10232803,804.0,100007.0,10232803,More recent data from 2020-06-19,FL AHCA
FLORIDA HOSPITAL EAST ORLANDO,GENERAL ACUTE CARE,7727 LAKE UNDERHILL RD,,ORLANDO,FL,32822,ORANGE,28.53998,-81.28154,275.0,20.0,295.0,0.9090909090909091,0.9,FL AHCA 2020-06-19,FL AHCA 2020-06-19,HIFLD-BEDS,FL AHCA 2020-06-19,FL AHCA 2020-06-19,11832822,,,11832822,More recent data from 2020-06-19,FL AHCA
HEALTH CENTRAL,GENERAL ACUTE CARE,10000 W COLONIAL DR,,OCOEE,FL,34761,ORANGE,28.54966,-81.52766,186.0,14.0,216.0,0.8763440860215054,0.2857142857142857,FL AHCA 2020-06-19,FL AHCA 2020-06-19,DH-NUM_LICENS,FL AHCA 2020-06-19,FL AHCA 2020-06-19,15534761,805.0,100030.0,15534761,More recent data from 2020-06-19,FL AHCA
ASPIRE HEALTH PARTNERS INC,PSYCHIATRIC,1800 MERCY DR,,ORLANDO,FL,32808,ORANGE,28.56763,-81.43424,35.0,0.0,90.0,1.0,,FL AHCA 2020-06-19,FL AHCA 2020-06-19,HIFLD-BEDS,FL AHCA 2020-06-19,FL AHCA 2020-06-19,21532808,,104067.0,21532808,More recent data from 2020-06-19,FL AHCA
WINTER PARK MEMORIAL HOSPITAL,GENERAL ACUTE CARE,200 N LAKEMONT AVE,,WINTER PARK,FL,32792,ORANGE,28.59864,-81.32691,271.0,18.0,320.0,0.9114391143911439,1.0,FL AHCA 2020-06-19,FL AHCA 2020-06-19,HIFLD-BEDS,FL AHCA 2020-06-19,FL AHCA 2020-06-19,43632792,,,43632792,More recent data from 2020-06-19,FL AHCA
UNIVERSITY BEHAVIORAL CENTER,PSYCHIATRIC,2500 DISCOVERY DR,,ORLANDO,FL,32826,ORANGE,28.58181,-81.1923,119.0,0.0,112.0,0.5294117647058824,,FL AHCA 2020-06-19,FL AHCA 2020-06-19,DH-NUM_LICENS,FL AHCA 2020-06-19,FL AHCA 2020-06-19,40732826,6117.0,104076.0,40732826,More recent data from 2020-06-19,FL AHCA
LA AMISTAD RESIDENTIAL TREATMENT CENTER,PSYCHIATRIC,1650 PARK AVE N,,MAITLAND,FL,32751,ORANGE,28.61334,-81.36476,34.0,0.0,40.0,1.0,,FL AHCA 2020-06-19,FL AHCA 2020-06-19,HIFLD-BEDS,FL AHCA 2020-06-19,FL AHCA 2020-06-19,20732751,,,20732751,More recent data from 2020-06-19,FL AHCA
ARNOLD PALMER HOSPITAL FOR CHILDREN,CHILDREN,92 W MILLER ST,,ORLANDO,FL,32806,ORANGE,28.52362,-81.37927,343.0,5.0,506.0,0.8950437317784257,0.0,FL AHCA 2020-06-19,FL AHCA 2020-06-19,HIFLD-BEDS,FL AHCA 2020-06-19,FL AHCA 2020-06-19,532806,,,532806,More recent data from 2020-06-19,FL AHCA
DR P PHILLIPS HOSPITAL,GENERAL ACUTE CARE,9400 TURKEY LAKE RD,,ORLANDO,FL,32819,ORANGE,28.42906,-81.47942,207.0,6.0,237.0,0.9468599033816425,1.0,FL AHCA 2020-06-19,FL AHCA 2020-06-19,HIFLD-BEDS,FL AHCA 2020-06-19,FL AHCA 2020-06-19,8632819,,,8632819,More recent data from 2020-06-19,FL AHCA
FLORIDA HOSPITAL APOPKA,GENERAL ACUTE CARE,201 N PARK AVE,,APOPKA,FL,32703,ORANGE,28.68089,-81.50808,97.0,12.0,120.0,0.9484536082474226,0.8333333333333334,FL AHCA 2020-06-19,FL AHCA 2020-06-19,HIFLD-BEDS,FL AHCA 2020-06-19,FL AHCA 2020-06-19,10832703,,,10832703,More recent data from 2020-06-19,FL AHCA
SELECT SPECIALTY HOSPITAL - ORLANDO NORTH,LONG TERM CARE,2250 BEDFORD RD,,ORLANDO,FL,32803,ORANGE,28.5723,-81.37044,35.0,0.0,99.0,0.8857142857142857,,FL AHCA 2020-06-19,FL AHCA 2020-06-19,HCRIS-Total Staffed Beds,FL AHCA 2020-06-19,FL AHCA 2020-06-19,34232803,5103.0,102003.0,34232803,More recent data from 2020-06-19,FL AHCA
SELECT SPECIALTY HOSPITAL - ORLANDO SOUTH,GENERAL ACUTE CARE,5579 S ORANGE AVE,,ORLANDO,FL,32809,ORANGE,28.47739,-81.37018,64.0,0.0,64.0,0.953125,,FL AHCA 2020-06-19,FL AHCA 2020-06-19,HIFLD-BEDS,FL AHCA 2020-06-19,FL AHCA 2020-06-19,34332809,,,34332809,More recent data from 2020-06-19,FL AHCA
CENTRAL FLORIDA BEHAVIORAL HOSPITAL,PSYCHIATRIC,6601 CENTRAL FLORIDA PKWY,,ORLANDO,FL,32821,ORANGE,28.40911,-81.46959,140.0,0.0,174.0,1.0,,FL AHCA 2020-06-19,FL AHCA 2020-06-19,DH-NUM_LICENS,FL AHCA 2020-06-19,FL AHCA 2020-06-19,5932821,5709.0,104072.0,5932821,More recent data from 2020-06-19,FL AHCA
NEMOURS CHILDREN'S HOSPITAL,GENERAL ACUTE CARE,13535 NEMOURS PKWY,,ORLANDO,FL,32827,ORANGE,28.3768,-81.27364,113.0,0.0,130.0,0.8230088495575221,,FL AHCA 2020-06-19,FL AHCA 2020-06-19,DH-NUM_LICENS,FL AHCA 2020-06-19,FL AHCA 2020-06-19,82232827,5697.0,103304.0,82232827,More recent data from 2020-06-19,FL AHCA
ST CLOUD REGIONAL MEDICAL CENTER,GENERAL ACUTE CARE,2906 17TH ST,,SAINT CLOUD,FL,34769,OSCEOLA,28.24362,-81.30281,90.0,8.0,84.0,0.4666666666666667,0.5,FL AHCA 2020-06-19,FL AHCA 2020-06-19,DH-NUM_LICENS,FL AHCA 2020-06-19,FL AHCA 2020-06-19,38334769,807.0,100302.0,38334769,More recent data from 2020-06-19,FL AHCA
FLORIDA HOSPITAL KISSIMMEE,GENERAL ACUTE CARE,2450 N ORANGE BLOSSOM TRL,,KISSIMMEE,FL,34744,OSCEOLA,28.31614,-81.40597,195.0,117.0,162.0,0.9897435897435898,0.9914529914529915,FL AHCA 2020-06-19,FL AHCA 2020-06-19,HIFLD-BEDS,FL AHCA 2020-06-19,FL AHCA 2020-06-19,12434744,,,12434744,More recent data from 2020-06-19,FL AHCA
OSCEOLA REGIONAL MEDICAL CENTER,GENERAL ACUTE CARE,700 W OAK ST,,KISSIMMEE,FL,34741,OSCEOLA,28.29968,-81.40919,455.0,40.0,404.0,0.7472527472527473,0.85,FL AHCA 2020-06-19,FL AHCA 2020-06-19,DH-NUM_LICENS,FL AHCA 2020-06-19,FL AHCA 2020-06-19,29834741,806.0,100110.0,29834741,More recent data from 2020-06-19,FL AHCA
FLORIDA HOSPITAL CELEBRATION HEALTH,GENERAL ACUTE CARE,400 CELEBRATION PLACE,,CELEBRATION,FL,34747,OSCEOLA,28.32813,-81.54085,222.0,23.0,237.0,0.8873873873873874,0.8260869565217391,FL AHCA 2020-06-19,FL AHCA 2020-06-19,HIFLD-BEDS,FL AHCA 2020-06-19,FL AHCA 2020-06-19,11434747,,,11434747,More recent data from 2020-06-19,FL AHCA
POINCIANA MEDICAL CENTER,GENERAL ACUTE CARE,325 CYPRESS PKWY,,KISSIMMEE,FL,34758,OSCEOLA,28.14478,-81.47669,76.0,6.0,76.0,0.8026315789473685,0.6666666666666666,FL AHCA 2020-06-19,FL AHCA 2020-06-19,DH-NUM_LICENS,FL AHCA 2020-06-19,FL AHCA 2020-06-19,36034758,5911.0,100320.0,36034758,More recent data from 2020-06-19,FL AHCA
BLACKBERRY CENTER,PSYCHIATRIC,91 BEEHIVE CIR,,SAINT CLOUD,FL,34769,OSCEOLA,28.25994,-81.31316,64.0,0.0,64.0,0.9375,,FL AHCA 2020-06-19,FL AHCA 2020-06-19,DH-NUM_LICENS,FL AHCA 2020-06-19,FL AHCA 2020-06-19,178234769,6488.0,104081.0,178234769,More recent data from 2020-06-19,FL AHCA
BETHESDA MEMORIAL HOSPITAL,GENERAL ACUTE CARE,2815 S SEACREST BLVD,,BOYNTON BEACH,FL,33435,PALM BEACH,26.50506,-80.07056,424.0,39.0,431.0,0.6556603773584906,0.6410256410256411,FL AHCA 2020-06-19,FL AHCA 2020-06-19,HCRIS-Total Staffed Beds,FL AHCA 2020-06-19,FL AHCA 2020-06-19,3333435,820.0,100002.0,3333435,More recent data from 2020-06-19,FL AHCA
ST MARY'S MEDICAL CENTER,GENERAL ACUTE CARE,901 45TH ST,,WEST PALM BEACH,FL,33407,PALM BEACH,26.75587,-80.06246,501.0,26.0,460.0,0.7724550898203593,0.9615384615384616,FL AHCA 2020-06-19,FL AHCA 2020-06-19,DH-NUM_LICENS,FL AHCA 2020-06-19,FL AHCA 2020-06-19,39133407,811.0,100288.0,39133407,More recent data from 2020-06-19,FL AHCA
JFK MEDICAL CENTER,GENERAL ACUTE CARE,5301 S CONGRESS AVE,,ATLANTIS,FL,33462,PALM BEACH,26.59859,-80.09117,549.0,70.0,623.0,0.7540983606557377,0.9,FL AHCA 2020-06-19,FL AHCA 2020-06-19,HCRIS-Total Staffed Beds,FL AHCA 2020-06-19,FL AHCA 2020-06-19,19233462,821.0,100080.0,19233462,More recent data from 2020-06-19,FL AHCA
LAKESIDE MEDICAL CENTER,GENERAL ACUTE CARE,39200 HOOKER HWY,,BELLE GLADE,FL,33430,PALM BEACH,26.72427,-80.67111,70.0,6.0,70.0,0.5428571428571428,0.8333333333333334,FL AHCA 2020-06-19,FL AHCA 2020-06-19,DH-NUM_LICENS,FL AHCA 2020-06-19,FL AHCA 2020-06-19,21633430,815.0,100130.0,21633430,More recent data from 2020-06-19,FL AHCA
BOCA RATON REGIONAL HOSPITAL,GENERAL ACUTE CARE,800 MEADOWS RD,,BOCA RATON,FL,33486,PALM BEACH,26.35873,-80.10283,366.0,41.0,400.0,0.7950819672131147,0.8536585365853658,FL AHCA 2020-06-19,FL AHCA 2020-06-19,DH-NUM_LICENS,FL AHCA 2020-06-19,FL AHCA 2020-06-19,3633486,816.0,100168.0,3633486,More recent data from 2020-06-19,FL AHCA
PALM BEACH GARDENS MEDICAL CENTER,GENERAL ACUTE CARE,3360 BURNS RD,,PALM BEACH GARDENS,FL,33410,PALM BEACH,26.82961,-80.08657,219.0,20.0,199.0,0.6757990867579908,1.0,FL AHCA 2020-06-19,FL AHCA 2020-06-19,DH-NUM_LICENS,FL AHCA 2020-06-19,FL AHCA 2020-06-19,30033410,817.0,100176.0,30033410,More recent data from 2020-06-19,FL AHCA
WEST PALM HOSPITAL,GENERAL ACUTE CARE,2201 45TH ST,,WEST PALM BEACH,FL,33407,PALM BEACH,26.76132,-80.08787,232.0,10.0,245.0,0.5301724137931034,0.8,FL AHCA 2020-06-19,FL AHCA 2020-06-19,DH-NUM_LICENS,FL AHCA 2020-06-19,FL AHCA 2020-06-19,6833407,819.0,,6833407,More recent data from 2020-06-19,FL AHCA
JUPITER MEDICAL CENTER,GENERAL ACUTE CARE,1210 S OLD DIXIE HWY,,JUPITER,FL,33458,PALM BEACH,26.92287,-80.09637,242.0,31.0,242.0,0.7024793388429752,0.8064516129032258,FL AHCA 2020-06-19,FL AHCA 2020-06-19,DH-NUM_LICENS,FL AHCA 2020-06-19,FL AHCA 2020-06-19,19433458,818.0,100253.0,19433458,More recent data from 2020-06-19,FL AHCA
DELRAY MEDICAL CENTER,GENERAL ACUTE CARE,5352 LINTON BLVD,,DELRAY BEACH,FL,33484,PALM BEACH,26.43719,-80.12779,489.0,54.0,536.0,0.7607361963190185,0.5555555555555556,FL AHCA 2020-06-19,FL AHCA 2020-06-19,DH-NUM_LICENS,FL AHCA 2020-06-19,FL AHCA 2020-06-19,7233484,808.0,100258.0,7233484,More recent data from 2020-06-19,FL AHCA
JEROME GOLDEN CENTER FOR BEHAVIORAL HEALTH,PSYCHIATRIC,1041 45TH ST,,WEST PALM BEACH,FL,33407,PALM BEACH,26.75396,-80.06747,0.0,0.0,44.0,,,FL AHCA 2020-06-19,FL AHCA 2020-06-19,HIFLD-BEDS,FL AHCA 2020-06-19,FL AHCA 2020-06-19,19133407,,104008.0,19133407,More recent data from 2020-06-19,FL AHCA
PALMS WEST HOSPITAL,GENERAL ACUTE CARE,13001 SOUTHERN BLVD,,LOXAHATCHEE,FL,33470,PALM BEACH,26.68357,-80.25291,226.0,18.0,204.0,0.8761061946902655,0.8888888888888888,FL AHCA 2020-06-19,FL AHCA 2020-06-19,DH-NUM_LICENS,FL AHCA 2020-06-19,FL AHCA 2020-06-19,30633470,814.0,100269.0,30633470,More recent data from 2020-06-19,FL AHCA
WEST BOCA MEDICAL CENTER,GENERAL ACUTE CARE,21644 STATE RD 7,,BOCA RATON,FL,33428,PALM BEACH,26.3562,-80.19919,216.0,16.0,195.0,0.5092592592592593,0.6875,FL AHCA 2020-06-19,FL AHCA 2020-06-19,DH-NUM_LICENS,FL AHCA 2020-06-19,FL AHCA 2020-06-19,42033428,813.0,100268.0,42033428,More recent data from 2020-06-19,FL AHCA
WELLINGTON REGIONAL MEDICAL CENTER,GENERAL ACUTE CARE,10101 FOREST HILL BLVD,,WELLINGTON,FL,33414,PALM BEACH,26.65166,-80.20506,217.0,34.0,235.0,0.7788018433179723,0.8529411764705882,FL AHCA 2020-06-19,FL AHCA 2020-06-19,DH-NUM_LICENS,FL AHCA 2020-06-19,FL AHCA 2020-06-19,41933414,812.0,100275.0,41933414,More recent data from 2020-06-19,FL AHCA
GOOD SAMARITAN MEDICAL CENTER,GENERAL ACUTE CARE,1309 N FLAGLER DR,,WEST PALM BEACH,FL,33401,PALM BEACH,26.72546,-80.05188,188.0,21.0,333.0,0.8404255319148937,0.8571428571428571,FL AHCA 2020-06-19,FL AHCA 2020-06-19,DH-NUM_LICENS,FL AHCA 2020-06-19,FL AHCA 2020-06-19,14133401,810.0,100287.0,14133401,More recent data from 2020-06-19,FL AHCA
SELECT SPECIALTY HOSPITAL - PALM BEACH,LONG TERM CARE,3060 MELALEUCA LANE,,LAKE WORTH,FL,33461,PALM BEACH,26.60904,-80.09145,60.0,0.0,60.0,0.8833333333333333,,FL AHCA 2020-06-19,FL AHCA 2020-06-19,DH-NUM_LICENS,FL AHCA 2020-06-19,FL AHCA 2020-06-19,34433461,4329.0,102023.0,34433461,More recent data from 2020-06-19,FL AHCA
KINDRED HOSPITAL PALM BEACHES,LONG TERM CARE,5555 W BLUE HERON BLVD,,RIVIERA BEACH,FL,33418,PALM BEACH,26.78298,-80.11046,55.0,10.0,70.0,0.8727272727272727,0.8,FL AHCA 2020-06-19,FL AHCA 2020-06-19,DH-NUM_LICENS,FL AHCA 2020-06-19,FL AHCA 2020-06-19,19933418,5689.0,,19933418,More recent data from 2020-06-19,FL AHCA
BETHESDA HOSPITAL WEST,GENERAL ACUTE CARE,9655 W BOYNTON BEACH BLVD,,BOYNTON BEACH,FL,33472,PALM BEACH,26.52973,-80.19977,89.0,11.0,80.0,0.7865168539325843,1.0,FL AHCA 2020-06-19,FL AHCA 2020-06-19,DH-NUM_LICENS,FL AHCA 2020-06-19,FL AHCA 2020-06-19,35733472,5617.0,,35733472,More recent data from 2020-06-19,FL AHCA
FLORIDA HOSPITAL ZEPHYRHILLS,GENERAL ACUTE CARE,7050 GALL BLVD,,ZEPHYRHILLS,FL,33541,PASCO,28.2615,-82.18531,104.0,8.0,149.0,0.9038461538461539,0.875,FL AHCA 2020-06-19,FL AHCA 2020-06-19,DH-NUM_LICENS,FL AHCA 2020-06-19,FL AHCA 2020-06-19,13533541,822.0,100046.0,13533541,More recent data from 2020-06-19,FL AHCA
MORTON PLANT NORTH BAY HOSPITAL,GENERAL ACUTE CARE,6600 MADISON ST,,NEW PORT RICHEY,FL,34652,PASCO,28.25406,-82.71489,220.0,22.0,187.0,0.7772727272727272,0.9090909090909091,FL AHCA 2020-06-19,FL AHCA 2020-06-19,HCRIS-Total Staffed Beds,FL AHCA 2020-06-19,FL AHCA 2020-06-19,27034652,823.0,100063.0,27034652,More recent data from 2020-06-19,FL AHCA
MEDICAL CENTER OF TRINITY,GENERAL ACUTE CARE,9330 FL-54,,TRINITY,FL,34655,PASCO,28.20393,-82.66006,278.0,32.0,278.0,0.6402877697841727,0.59375,FL AHCA 2020-06-19,FL AHCA 2020-06-19,DH-NUM_LICENS,FL AHCA 2020-06-19,FL AHCA 2020-06-19,24634655,824.0,100191.0,24634655,More recent data from 2020-06-19,FL AHCA
BAYFRONT HEALTH DADE CITY,GENERAL ACUTE CARE,13100 FORT KING RD,,DADE CITY,FL,33525,PASCO,28.34796,-82.20072,91.0,7.0,120.0,0.8571428571428571,1.0,FL AHCA 2020-06-19,FL AHCA 2020-06-19,DH-NUM_LICENS,FL AHCA 2020-06-19,FL AHCA 2020-06-19,31233525,825.0,100211.0,31233525,More recent data from 2020-06-19,FL AHCA
REGIONAL MEDICAL CENTER BAYONET POINT,GENERAL ACUTE CARE,14000 FIVAY RD,,HUDSON,FL,34667,PASCO,28.36196,-82.68826,290.0,60.0,290.0,0.7758620689655172,0.9666666666666667,FL AHCA 2020-06-19,FL AHCA 2020-06-19,DH-NUM_LICENS,FL AHCA 2020-06-19,FL AHCA 2020-06-19,32734667,826.0,100256.0,32734667,More recent data from 2020-06-19,FL AHCA
FLORIDA HOSPITAL AT CONNERTON LONG TERM,LONG TERM CARE,9441 HEALTH CENTER DR,,LAND O LAKES,FL,34637,PASCO,28.29527,-82.48991,65.0,0.0,77.0,0.9538461538461539,,FL AHCA 2020-06-19,FL AHCA 2020-06-19,DH-NUM_LICENS,FL AHCA 2020-06-19,FL AHCA 2020-06-19,10934637,5829.0,102026.0,10934637,More recent data from 2020-06-19,FL AHCA
FLORIDA HOSPITAL WESLEY CHAPEL,GENERAL ACUTE CARE,2600 BRUCE B DOWNS BLVD,,WESLEY CHAPEL,FL,33544,PASCO,28.19562,-82.35114,145.0,8.0,145.0,0.9103448275862069,0.75,FL AHCA 2020-06-19,FL AHCA 2020-06-19,DH-NUM_LICENS,FL AHCA 2020-06-19,FL AHCA 2020-06-19,36833544,5867.0,100319.0,36833544,More recent data from 2020-06-19,FL AHCA
MORTON PLANT NORTH BAY HOSPITAL RECOVERY CENTER,PSYCHIATRIC,21808 STATE RD 54,,LUTZ,FL,33549,PASCO,28.18718,-82.45496,51.0,0.0,72.0,1.0,,FL AHCA 2020-06-19,FL AHCA 2020-06-19,DH-NUM_LICENS,FL AHCA 2020-06-19,FL AHCA 2020-06-19,27233549,6452.0,,27233549,More recent data from 2020-06-19,FL AHCA
MEDICAL CENTER OF TRINITY WEST PASCO CAM,GENERAL ACUTE CARE,5637 MARINE PKWY,,NEW PORT RICHEY,FL,34652,PASCO,28.2357,-82.72077,62.0,0.0,46.0,0.5806451612903226,,FL AHCA 2020-06-19,FL AHCA 2020-06-19,HIFLD-BEDS,FL AHCA 2020-06-19,FL AHCA 2020-06-19,24734652,,,24734652,More recent data from 2020-06-19,FL AHCA
NORTH TAMPA BEHAVIORAL HEALTH,PSYCHIATRIC,29910 SR 56,,WESLEY CHAPEL,FL,33543,PASCO,28.20037,-82.32381,126.0,0.0,126.0,0.5714285714285714,,FL AHCA 2020-06-19,FL AHCA 2020-06-19,DH-NUM_LICENS,FL AHCA 2020-06-19,FL AHCA 2020-06-19,36933543,6149.0,104075.0,36933543,More recent data from 2020-06-19,FL AHCA
LARGO MEDICAL CENTER - INDIAN ROCKS,GENERAL ACUTE CARE,2025 INDIAN ROCKS RD,,LARGO,FL,33774,PINELLAS,27.89871,-82.82487,114.0,0.0,169.0,0.7982456140350878,,FL AHCA 2020-06-19,FL AHCA 2020-06-19,HIFLD-BEDS,FL AHCA 2020-06-19,FL AHCA 2020-06-19,21933774,,,21933774,More recent data from 2020-06-19,FL AHCA
BAYFRONT MEDICAL CENTER,GENERAL ACUTE CARE,701 6TH ST S,,SAINT PETERSBURG,FL,33701,PINELLAS,27.76342,-82.64208,355.0,41.0,480.0,0.6309859154929578,0.8048780487804879,FL AHCA 2020-06-19,FL AHCA 2020-06-19,DH-NUM_LICENS,FL AHCA 2020-06-19,FL AHCA 2020-06-19,3133701,836.0,100032.0,3133701,More recent data from 2020-06-19,FL AHCA
MEASE DUNEDIN HOSPITAL,GENERAL ACUTE CARE,601 MAIN ST,,DUNEDIN,FL,34698,PINELLAS,28.01355,-82.78322,156.0,20.0,120.0,0.7628205128205128,0.8,FL AHCA 2020-06-19,FL AHCA 2020-06-19,DH-NUM_LICENS,FL AHCA 2020-06-19,FL AHCA 2020-06-19,24534698,837.0,100043.0,24534698,More recent data from 2020-06-19,FL AHCA
FLORIDA HOSPITAL NORTH PINELLAS,GENERAL ACUTE CARE,1395 S PINELLAS AVE,,TARPON SPRINGS,FL,34689,PINELLAS,28.13293,-82.75779,108.0,13.0,168.0,0.9351851851851852,0.9230769230769231,FL AHCA 2020-06-19,FL AHCA 2020-06-19,DH-NUM_LICENS,FL AHCA 2020-06-19,FL AHCA 2020-06-19,12934689,834.0,100055.0,12934689,More recent data from 2020-06-19,FL AHCA
ST ANTHONYS HOSPITAL,GENERAL ACUTE CARE,1200 7TH AVE N,,SAINT PETERSBURG,FL,33705,PINELLAS,27.77862,-82.65053,378.0,38.0,393.0,0.8835978835978836,0.9210526315789473,FL AHCA 2020-06-19,FL AHCA 2020-06-19,DH-NUM_LICENS,FL AHCA 2020-06-19,FL AHCA 2020-06-19,37833705,833.0,100067.0,37833705,More recent data from 2020-06-19,FL AHCA
PALMS OF PASADENA HOSPITAL,GENERAL ACUTE CARE,1501 PASADENA AVE S,,SAINT PETERSBURG,FL,33707,PINELLAS,27.75308,-82.74014,186.0,18.0,307.0,0.46236559139784944,0.3333333333333333,FL AHCA 2020-06-19,FL AHCA 2020-06-19,DH-NUM_LICENS,FL AHCA 2020-06-19,FL AHCA 2020-06-19,30433707,831.0,100126.0,30433707,More recent data from 2020-06-19,FL AHCA
MORTON PLANT HOSPITAL,GENERAL ACUTE CARE,300 PINELLAS ST,,CLEARWATER,FL,33756,PINELLAS,27.95282,-82.8037,448.0,59.0,599.0,0.9017857142857143,1.0,FL AHCA 2020-06-19,FL AHCA 2020-06-19,DH-NUM_LICENS,FL AHCA 2020-06-19,FL AHCA 2020-06-19,26833756,832.0,100127.0,26833756,More recent data from 2020-06-19,FL AHCA
ST PETERSBURG GENERAL HOSPITAL,GENERAL ACUTE CARE,6500 38TH AVE N,,SAINT PETERSBURG,FL,33710,PINELLAS,27.80544,-82.72754,209.0,15.0,215.0,0.430622009569378,0.6666666666666666,FL AHCA 2020-06-19,FL AHCA 2020-06-19,DH-NUM_LICENS,FL AHCA 2020-06-19,FL AHCA 2020-06-19,39333710,830.0,100180.0,39333710,More recent data from 2020-06-19,FL AHCA
NORTHSIDE HOSPITAL,GENERAL ACUTE CARE,6000 49TH ST N,,SAINT PETERSBURG,FL,33709,PINELLAS,27.82556,-82.70211,429.0,44.0,288.0,0.5757575757575758,0.8409090909090909,FL AHCA 2020-06-19,FL AHCA 2020-06-19,DH-NUM_LICENS,FL AHCA 2020-06-19,FL AHCA 2020-06-19,28633709,828.0,100238.0,28633709,More recent data from 2020-06-19,FL AHCA
LARGO MEDICAL CENTER,GENERAL ACUTE CARE,201 14TH ST SW,,LARGO,FL,33770,PINELLAS,27.91415,-82.80365,298.0,46.0,286.0,0.7986577181208053,0.7608695652173914,FL AHCA 2020-06-19,FL AHCA 2020-06-19,DH-NUM_LICENS,FL AHCA 2020-06-19,FL AHCA 2020-06-19,21833770,829.0,100248.0,21833770,More recent data from 2020-06-19,FL AHCA
ALL CHILDREN'S HOSPITAL,CHILDREN,501 6TH AVE S,,SAINT PETERSBURG,FL,33701,PINELLAS,27.76464,-82.64075,217.0,0.0,259.0,0.8894009216589862,,FL AHCA 2020-06-19,FL AHCA 2020-06-19,DH-NUM_LICENS,FL AHCA 2020-06-19,FL AHCA 2020-06-19,233701,5348.0,103300.0,233701,More recent data from 2020-06-19,FL AHCA
WINDMOOR HEALTHCARE OF CLEARWATER,PSYCHIATRIC,11300 US HWY 19 N,,CLEARWATER,FL,33764,PINELLAS,27.87475,-82.71085,104.0,0.0,144.0,0.7692307692307693,,FL AHCA 2020-06-19,FL AHCA 2020-06-19,DH-NUM_LICENS,FL AHCA 2020-06-19,FL AHCA 2020-06-19,43333764,5101.0,104017.0,43333764,More recent data from 2020-06-19,FL AHCA
MEASE COUNTRYSIDE HOSPITAL,GENERAL ACUTE CARE,3231 MCMULLEN BOOTH RD,,SAFETY HARBOR,FL,34695,PINELLAS,28.03875,-82.70799,257.0,26.0,311.0,0.8560311284046692,0.8461538461538461,FL AHCA 2020-06-19,FL AHCA 2020-06-19,DH-NUM_LICENS,FL AHCA 2020-06-19,FL AHCA 2020-06-19,24334695,827.0,100265.0,24334695,More recent data from 2020-06-19,FL AHCA
HEALTHSOUTH REHABILITATION HOSPITAL,REHABILITATION,901 N CLEARWATER/LARGO RD,,LARGO,FL,33770,PINELLAS,27.92541,-82.79702,62.0,0.0,70.0,1.0,,FL AHCA 2020-06-19,FL AHCA 2020-06-19,DH-NUM_LICENS,FL AHCA 2020-06-19,FL AHCA 2020-06-19,16033770,4560.0,103037.0,16033770,More recent data from 2020-06-19,FL AHCA
KINDRED HOSPITAL-BAY AREA-ST PETERSBURG,LONG TERM CARE,3030 6TH ST S,,SAINT PETERSBURG,FL,33705,PINELLAS,27.74075,-82.63999,64.0,8.0,82.0,0.625,0.5,FL AHCA 2020-06-19,FL AHCA 2020-06-19,HIFLD-BEDS,FL AHCA 2020-06-19,FL AHCA 2020-06-19,20033705,,,20033705,More recent data from 2020-06-19,FL AHCA
BAYCARE ALLIANT HOSPITAL,LONG TERM CARE,601 MAIN ST,,DUNEDIN,FL,34698,PINELLAS,28.01367,-82.78306,48.0,0.0,48.0,0.4791666666666667,,FL AHCA 2020-06-19,FL AHCA 2020-06-19,DH-NUM_LICENS,FL AHCA 2020-06-19,FL AHCA 2020-06-19,2834698,5406.0,102021.0,2834698,More recent data from 2020-06-19,FL AHCA
WINTER HAVEN HOSPITAL,GENERAL ACUTE CARE,200 AVE F NE,,WINTER HAVEN,FL,33881,POLK,28.02848,-81.72561,340.0,50.0,476.0,0.8176470588235294,0.66,FL AHCA 2020-06-19,FL AHCA 2020-06-19,HCRIS-Total Staffed Beds,FL AHCA 2020-06-19,FL AHCA 2020-06-19,43433881,839.0,100052.0,43433881,More recent data from 2020-06-19,FL AHCA
LAKE WALES MEDICAL CENTER,GENERAL ACUTE CARE,410 S 11TH ST,,LAKE WALES,FL,33853,POLK,27.8962,-81.56528,132.0,8.0,160.0,0.5833333333333334,0.75,FL AHCA 2020-06-19,FL AHCA 2020-06-19,DH-NUM_LICENS,FL AHCA 2020-06-19,FL AHCA 2020-06-19,21233853,838.0,100099.0,21233853,More recent data from 2020-06-19,FL AHCA
BARTOW REGIONAL MEDICAL CENTER,GENERAL ACUTE CARE,2200 OSPREY BLVD,,BARTOW,FL,33831,POLK,27.9189,-81.84421,70.0,18.0,72.0,0.6571428571428571,0.7222222222222222,FL AHCA 2020-06-19,FL AHCA 2020-06-19,DH-NUM_LICENS,FL AHCA 2020-06-19,FL AHCA 2020-06-19,2333831,841.0,100121.0,2333831,More recent data from 2020-06-19,FL AHCA
HEART OF FLORIDA REGIONAL MEDICAL CENTER,GENERAL ACUTE CARE,40100 US HWY 27 N,,DAVENPORT,FL,33837,POLK,28.18143,-81.64141,132.0,15.0,193.0,0.8333333333333334,0.8,FL AHCA 2020-06-19,FL AHCA 2020-06-19,DH-NUM_LICENS,FL AHCA 2020-06-19,FL AHCA 2020-06-19,16833837,840.0,,16833837,More recent data from 2020-06-19,FL AHCA
LAKELAND REGIONAL MEDICAL CENTER,GENERAL ACUTE CARE,1324 LAKELAND HILLS BLVD,,LAKELAND,FL,33805,POLK,28.06038,-81.95408,866.0,68.0,864.0,0.8672055427251733,0.8529411764705882,FL AHCA 2020-06-19,FL AHCA 2020-06-19,DH-NUM_LICENS,FL AHCA 2020-06-19,FL AHCA 2020-06-19,21433805,842.0,100157.0,21433805,More recent data from 2020-06-19,FL AHCA
WINTER HAVEN WOMEN'S HOSPITAL,GENERAL ACUTE CARE,101 AVE O SE,,WINTER HAVEN,FL,33880,POLK,28.00898,-81.72618,28.0,0.0,61.0,0.8928571428571429,,FL AHCA 2020-06-19,FL AHCA 2020-06-19,HIFLD-BEDS,FL AHCA 2020-06-19,FL AHCA 2020-06-19,32533880,,,32533880,More recent data from 2020-06-19,FL AHCA
PUTNAM COMMUNITY MEDICAL CENTER,GENERAL ACUTE CARE,611 ZEAGLER DR,,PALATKA,FL,32177,PUTNAM,29.64236,-81.69242,84.0,10.0,99.0,0.7380952380952381,0.8,FL AHCA 2020-06-19,FL AHCA 2020-06-19,DH-NUM_LICENS,FL AHCA 2020-06-19,FL AHCA 2020-06-19,32232177,843.0,,32232177,More recent data from 2020-06-19,FL AHCA
JAY HOSPITAL,GENERAL ACUTE CARE,14114 ALABAMA ST,,JAY,FL,32565,SANTA ROSA,30.94985,-87.15127,21.0,0.0,49.0,0.5714285714285714,,FL AHCA 2020-06-19,FL AHCA 2020-06-19,DH-NUM_LICENS,FL AHCA 2020-06-19,FL AHCA 2020-06-19,19032565,849.0,100048.0,19032565,More recent data from 2020-06-19,FL AHCA
SANTA ROSA MEDICAL CENTER,GENERAL ACUTE CARE,6002 BERRYHILL RD,,MILTON,FL,32570,SANTA ROSA,30.63422,-87.0671,116.0,9.0,129.0,0.31896551724137934,0.1111111111111111,FL AHCA 2020-06-19,FL AHCA 2020-06-19,DH-NUM_LICENS,FL AHCA 2020-06-19,FL AHCA 2020-06-19,33632570,848.0,100124.0,33632570,More recent data from 2020-06-19,FL AHCA
WEST FLORIDA COMMUNITY CARE CENTER,GENERAL ACUTE CARE,5500 STEWART ST,,MILTON,FL,32570,SANTA ROSA,30.63438,-87.04253,100.0,0.0,100.0,0.27,,FL AHCA 2020-06-19,FL AHCA 2020-06-19,DH-NUM_LICENS,FL AHCA 2020-06-19,FL AHCA 2020-06-19,42132570,4538.0,104027.0,42132570,More recent data from 2020-06-19,FL AHCA
GULF BREEZE HOSPITAL,GENERAL ACUTE CARE,1110 GULF BREEZE PKWY,,GULF BREEZE,FL,32561,SANTA ROSA,30.36048,-87.15705,77.0,8.0,77.0,0.7272727272727273,0.75,FL AHCA 2020-06-19,FL AHCA 2020-06-19,DH-NUM_LICENS,FL AHCA 2020-06-19,FL AHCA 2020-06-19,14332561,847.0,100266.0,14332561,More recent data from 2020-06-19,FL AHCA
VENICE REGIONAL MEDICAL CENTER,GENERAL ACUTE CARE,540 THE RIALTO,,VENICE,FL,34285,SARASOTA,27.09116,-82.44509,247.0,32.0,312.0,0.4817813765182186,0.4375,FL AHCA 2020-06-19,FL AHCA 2020-06-19,DH-NUM_LICENS,FL AHCA 2020-06-19,FL AHCA 2020-06-19,41334285,851.0,100070.0,41334285,More recent data from 2020-06-19,FL AHCA
SARASOTA MEMORIAL HOSPITAL,GENERAL ACUTE CARE,1700 S TAMIAMI TRL,,SARASOTA,FL,34239,SARASOTA,27.31785,-82.53108,716.0,49.0,839.0,0.9455307262569832,1.0,FL AHCA 2020-06-19,FL AHCA 2020-06-19,DH-NUM_LICENS,FL AHCA 2020-06-19,FL AHCA 2020-06-19,33734239,850.0,100087.0,33734239,More recent data from 2020-06-19,FL AHCA
DOCTORS HOSPITAL OF SARASOTA,GENERAL ACUTE CARE,5731 BEE RIDGE RD,,SARASOTA,FL,34233,SARASOTA,27.30196,-82.45335,151.0,16.0,155.0,0.7284768211920529,0.5625,FL AHCA 2020-06-19,FL AHCA 2020-06-19,DH-NUM_LICENS,FL AHCA 2020-06-19,FL AHCA 2020-06-19,7834233,852.0,100166.0,7834233,More recent data from 2020-06-19,FL AHCA
ENGLEWOOD COMMUNITY HOSPITAL,GENERAL ACUTE CARE,700 MEDICAL BLVD,,ENGLEWOOD,FL,34223,SARASOTA,26.95021,-82.32661,98.0,4.0,100.0,0.3469387755102041,0.25,FL AHCA 2020-06-19,FL AHCA 2020-06-19,DH-NUM_LICENS,FL AHCA 2020-06-19,FL AHCA 2020-06-19,9434223,853.0,100267.0,9434223,More recent data from 2020-06-19,FL AHCA
HEALTHSOUTH REHABILITATION HOSPITAL OF SARASOTA,REHABILITATION,6400 EDGELAKE DR,,SARASOTA,FL,34240,SARASOTA,27.30094,-82.44265,96.0,0.0,96.0,0.6875,,FL AHCA 2020-06-19,FL AHCA 2020-06-19,DH-NUM_LICENS,FL AHCA 2020-06-19,FL AHCA 2020-06-19,16234240,5226.0,103031.0,16234240,More recent data from 2020-06-19,FL AHCA
COMPLEX CARE HOSPITAL AT RIDGELAKE,LONG TERM CARE,6150 EDGELAKE DR,,SARASOTA,FL,34240,SARASOTA,27.30185,-82.44634,40.0,0.0,40.0,0.7,,FL AHCA 2020-06-19,FL AHCA 2020-06-19,DH-NUM_LICENS,FL AHCA 2020-06-19,FL AHCA 2020-06-19,6934240,5716.0,102018.0,6934240,More recent data from 2020-06-19,FL AHCA
CENTRAL FLORIDA REGIONAL HOSPITAL,GENERAL ACUTE CARE,1401 W SEMINOLE BLVD,,SANFORD,FL,32771,SEMINOLE,28.81454,-81.28363,208.0,28.0,221.0,0.7019230769230769,0.6785714285714286,FL AHCA 2020-06-19,FL AHCA 2020-06-19,DH-NUM_LICENS,FL AHCA 2020-06-19,FL AHCA 2020-06-19,6232771,854.0,100161.0,6232771,More recent data from 2020-06-19,FL AHCA
SOUTH SEMINOLE HOSPITAL,GENERAL ACUTE CARE,555 W STATE RD 434,,LONGWOOD,FL,32750,SEMINOLE,28.69921,-81.35291,237.0,68.0,237.0,0.8354430379746836,1.0,FL AHCA 2020-06-19,FL AHCA 2020-06-19,HIFLD-BEDS,FL AHCA 2020-06-19,FL AHCA 2020-06-19,37332750,,,37332750,More recent data from 2020-06-19,FL AHCA
FLORIDA HOSPITAL ALTAMONTE,GENERAL ACUTE CARE,601 E ALTAMONTE DR,,ALTAMONTE SPRINGS,FL,32701,SEMINOLE,28.66538,-81.37016,356.0,25.0,393.0,0.7921348314606742,0.68,FL AHCA 2020-06-19,FL AHCA 2020-06-19,HIFLD-BEDS,FL AHCA 2020-06-19,FL AHCA 2020-06-19,10532701,,,10532701,More recent data from 2020-06-19,FL AHCA
HEALTHSOUTH REHABILITATION HOSPITAL OF ALTAMONTE SPRINGS,REHABILITATION,831 S STATE RD 434,,ALTAMONTE SPRINGS,FL,32714,SEMINOLE,28.64633,-81.41306,60.0,0.0,60.0,0.9833333333333333,,FL AHCA 2020-06-19,FL AHCA 2020-06-19,DH-NUM_LICENS,FL AHCA 2020-06-19,FL AHCA 2020-06-19,35632714,6096.0,103045.0,35632714,More recent data from 2020-06-19,FL AHCA
OVIEDO MEDICAL CENTER,GENERAL ACUTE CARE,8300 RED BUG LAKE RD,,OVIEDO,FL,32765,SEMINOLE,28.65784,-81.22806,64.0,9.0,64.0,0.84375,0.5555555555555556,FL AHCA 2020-06-19,FL AHCA 2020-06-19,DH-NUM_LICENS,FL AHCA 2020-06-19,FL AHCA 2020-06-19,178432765,6245.0,100329.0,178432765,More recent data from 2020-06-19,FL AHCA
FLAGLER HOSPITAL,GENERAL ACUTE CARE,400 HEALTH PARK BLVD,,SAINT AUGUSTINE,FL,32086,ST. JOHNS,29.86302,-81.3171,325.0,44.0,335.0,0.4461538461538462,0.45454545454545453,FL AHCA 2020-06-19,FL AHCA 2020-06-19,DH-NUM_LICENS,FL AHCA 2020-06-19,FL AHCA 2020-06-19,9832086,844.0,100090.0,9832086,More recent data from 2020-06-19,FL AHCA
LAWNWOOD REGIONAL MEDICAL CENTER & HEART,GENERAL ACUTE CARE,1700 S 23RD ST,,FORT PIERCE,FL,34950,ST. LUCIE,27.43197,-80.34572,392.0,54.0,392.0,0.9005102040816326,0.9444444444444444,FL AHCA 2020-06-19,FL AHCA 2020-06-19,DH-NUM_LICENS,FL AHCA 2020-06-19,FL AHCA 2020-06-19,22134950,845.0,100246.0,22134950,More recent data from 2020-06-19,FL AHCA
ST LUCIE MEDICAL CENTER,GENERAL ACUTE CARE,1800 SE TIFFANY AVE,,PORT SAINT LUCIE,FL,34952,ST. LUCIE,27.28843,-80.2943,229.0,18.0,229.0,0.7729257641921398,0.9444444444444444,FL AHCA 2020-06-19,FL AHCA 2020-06-19,DH-NUM_LICENS,FL AHCA 2020-06-19,FL AHCA 2020-06-19,39034952,846.0,100260.0,39034952,More recent data from 2020-06-19,FL AHCA
PORT ST LUCIE HOSPITAL,PSYCHIATRIC,2550 SE WALTON RD,,PORT SAINT LUCIE,FL,34952,ST. LUCIE,27.29753,-80.27111,75.0,0.0,75.0,0.7333333333333333,,FL AHCA 2020-06-19,FL AHCA 2020-06-19,DH-NUM_LICENS,FL AHCA 2020-06-19,FL AHCA 2020-06-19,31934952,5240.0,104070.0,31934952,More recent data from 2020-06-19,FL AHCA
TRADITION MEDICAL CENTER,GENERAL ACUTE CARE,10000 SW INNOVATION WAY,,PORT SAINT LUCIE,FL,34987,ST. LUCIE,27.26125,-80.42607,177.0,18.0,177.0,0.7853107344632768,0.7777777777777778,FL AHCA 2020-06-19,FL AHCA 2020-06-19,DH-NUM_LICENS,FL AHCA 2020-06-19,FL AHCA 2020-06-19,36434987,5758.0,,36434987,More recent data from 2020-06-19,FL AHCA
"VILLAGES REGIONAL HOSPITAL, THE",GENERAL ACUTE CARE,1451 EL CAMINO REAL,,THE VILLAGES,FL,32159,SUMTER,28.95016,-81.95834,307.0,32.0,307.0,0.6254071661237784,0.8125,FL AHCA 2020-06-19,FL AHCA 2020-06-19,DH-NUM_LICENS,FL AHCA 2020-06-19,FL AHCA 2020-06-19,41632159,761.0,100290.0,41632159,More recent data from 2020-06-19,FL AHCA
PROMISE HOSPITAL OF FLORIDA AT THE VILLAGES,LONG TERM CARE,5050 COUNTY ROAD 472,,OXFORD,FL,34484,SUMTER,28.90981,-82.01955,40.0,8.0,40.0,0.75,0.875,FL AHCA 2020-06-19,FL AHCA 2020-06-19,DH-NUM_LICENS,FL AHCA 2020-06-19,FL AHCA 2020-06-19,32034484,5705.0,102028.0,32034484,More recent data from 2020-06-19,FL AHCA
SHANDS LIVE OAK REGIONAL MEDICAL CENTER,GENERAL ACUTE CARE,1100 SW 11TH ST,,LIVE OAK,FL,32060,SUWANNEE,30.29127,-83.00295,0.0,0.0,25.0,,,FL AHCA 2020-06-19,FL AHCA 2020-06-19,DH-NUM_LICENS,FL AHCA 2020-06-19,FL AHCA 2020-06-19,35732060,855.0,101301.0,35732060,More recent data from 2020-06-19,FL AHCA
DOCTORS MEMORIAL HOSPITAL,GENERAL ACUTE CARE,333 N BYRON BUTLER PKWY,,PERRY,FL,32348,TAYLOR,30.12012,-83.59332,16.0,0.0,48.0,0.375,,FL AHCA 2020-06-19,FL AHCA 2020-06-19,DH-NUM_LICENS,FL AHCA 2020-06-19,FL AHCA 2020-06-19,8232348,856.0,100106.0,8232348,More recent data from 2020-06-19,FL AHCA
LAKE BUTLER HOSPITAL HAND SURGERY CENTER,GENERAL ACUTE CARE,850 E MAIN ST,,LAKE BUTLER,FL,32054,UNION,30.02271,-82.32691,25.0,0.0,25.0,0.28,,FL AHCA 2020-06-19,FL AHCA 2020-06-19,DH-NUM_LICENS,FL AHCA 2020-06-19,FL AHCA 2020-06-19,20832054,4679.0,101303.0,20832054,More recent data from 2020-06-19,FL AHCA
RECEPTION AND MEDICAL CENTER HOSPITAL,GENERAL ACUTE CARE,7765 S COUNTY RD 231,PO BOX 628,LAKE BUTLER,FL,32054,UNION,29.98844,-82.35764,100.0,0.0,120.0,0.68,,FL AHCA 2020-06-19,FL AHCA 2020-06-19,DH-NUM_LICENS,FL AHCA 2020-06-19,FL AHCA 2020-06-19,32432054,6235.0,,32432054,More recent data from 2020-06-19,FL AHCA
FLORIDA HOSPITAL NEW SMYRNA,GENERAL ACUTE CARE,401 PALMETTO ST,,NEW SMYRNA BEACH,FL,32168,VOLUSIA,29.02029,-80.92186,108.0,14.0,112.0,0.5370370370370371,0.5714285714285714,FL AHCA 2020-06-19,FL AHCA 2020-06-19,HCRIS-Total Staffed Beds,FL AHCA 2020-06-19,FL AHCA 2020-06-19,3232168,860.0,100014.0,3232168,More recent data from 2020-06-19,FL AHCA
HALIFAX HEALTH MEDICAL CENTER,GENERAL ACUTE CARE,303 N CLYDE MORRIS BLVD,,DAYTONA BEACH,FL,32114,VOLUSIA,29.20238,-81.05483,518.0,89.0,563.0,0.6795366795366795,0.7752808988764045,FL AHCA 2020-06-19,FL AHCA 2020-06-19,DH-NUM_LICENS,FL AHCA 2020-06-19,FL AHCA 2020-06-19,15132114,861.0,100017.0,15132114,More recent data from 2020-06-19,FL AHCA
FLORIDA HOSPITAL DELAND,GENERAL ACUTE CARE,701 W PLYMOUTH AVE,,DELAND,FL,32721,VOLUSIA,29.04365,-81.31734,125.0,13.0,164.0,0.8,0.7692307692307693,FL AHCA 2020-06-19,FL AHCA 2020-06-19,DH-NUM_LICENS,FL AHCA 2020-06-19,FL AHCA 2020-06-19,11532721,859.0,100045.0,11532721,More recent data from 2020-06-19,FL AHCA
FLORIDA HOSPITAL FISH MEMORIAL,GENERAL ACUTE CARE,1055 SAXON BLVD,,ORANGE CITY,FL,32763,VOLUSIA,28.91437,-81.28516,164.0,26.0,179.0,0.9939024390243902,1.0,FL AHCA 2020-06-19,FL AHCA 2020-06-19,DH-NUM_LICENS,FL AHCA 2020-06-19,FL AHCA 2020-06-19,11932763,857.0,100072.0,11932763,More recent data from 2020-06-19,FL AHCA
FLORIDA HOSPITAL MEMORIAL MEDICAL CENTER,GENERAL ACUTE CARE,301 MEMORIAL MEDICAL PKWY,,DAYTONA BEACH,FL,32117,VOLUSIA,29.24311,-81.10766,289.0,33.0,362.0,0.8788927335640139,1.0,FL AHCA 2020-06-19,FL AHCA 2020-06-19,DH-NUM_LICENS,FL AHCA 2020-06-19,FL AHCA 2020-06-19,12732117,858.0,100068.0,12732117,More recent data from 2020-06-19,FL AHCA
HALIFAX PSYCHIATRIC CENTER-NORTH,PSYCHIATRIC,841 JIMMY ANN DR,,DAYTONA BEACH,FL,32117,VOLUSIA,29.21402,-81.06859,32.0,0.0,30.0,0.25,,FL AHCA 2020-06-19,FL AHCA 2020-06-19,HIFLD-BEDS,FL AHCA 2020-06-19,FL AHCA 2020-06-19,15432117,,,15432117,More recent data from 2020-06-19,FL AHCA
HALIFAX HEALTH MEDICAL CENTER- PORT ORANGE,GENERAL ACUTE CARE,1041 DUNLAWTON AVE,,PORT ORANGE,FL,32127,VOLUSIA,29.12621,-81.00857,59.0,8.0,558.0,0.7288135593220338,0.75,FL AHCA 2020-06-19,FL AHCA 2020-06-19,HIFLD-BEDS,FL AHCA 2020-06-19,FL AHCA 2020-06-19,15332127,,,15332127,More recent data from 2020-06-19,FL AHCA
SELECT SPECIALTY HOSPITAL - DAYTONA BEACH,LONG TERM CARE,"301 MEMORIAL MEDICAL PARKWAY, 11TH FLOOR",,DAYTONA BEACH,FL,32117,VOLUSIA,29.24256,-81.10742,34.0,0.0,34.0,0.9411764705882353,,FL AHCA 2020-06-19,FL AHCA 2020-06-19,DH-NUM_LICENS,FL AHCA 2020-06-19,FL AHCA 2020-06-19,35832117,6190.0,102030.0,35832117,More recent data from 2020-06-19,FL AHCA
HEALTHMARK REGIONAL MEDICAL CENTER,GENERAL ACUTE CARE,4413 US HWY 331 S,,DEFUNIAK SPRINGS,FL,32435,WALTON,30.65972,-86.11795,13.0,1.0,50.0,0.3076923076923077,0.0,FL AHCA 2020-06-19,FL AHCA 2020-06-19,DH-NUM_LICENS,FL AHCA 2020-06-19,FL AHCA 2020-06-19,15632435,862.0,100081.0,15632435,More recent data from 2020-06-19,FL AHCA
SACRED HEART HOSPITAL ON EMERALD COAST,GENERAL ACUTE CARE,7800 US HWY 98 W,,MIRAMAR BEACH,FL,32550,WALTON,30.37857,-86.30686,104.0,22.0,86.0,0.5865384615384616,0.5909090909090909,FL AHCA 2020-06-19,FL AHCA 2020-06-19,DH-NUM_LICENS,FL AHCA 2020-06-19,FL AHCA 2020-06-19,33132550,863.0,100292.0,33132550,More recent data from 2020-06-19,FL AHCA
NORTHWEST FLORIDA COMMUNITY HOSPITAL,GENERAL ACUTE CARE,1360 BRICKYARD RD,,CHIPLEY,FL,32428,WASHINGTON,30.76549,-85.54286,59.0,0.0,59.0,0.7796610169491526,,FL AHCA 2020-06-19,FL AHCA 2020-06-19,DH-NUM_LICENS,FL AHCA 2020-06-19,FL AHCA 2020-06-19,28732428,864.0,101308.0,28732428,More recent data from 2020-06-19,FL AHCA
