County,FileNumber,Measure Names,ProviderName,Measure Values
ALACHUA,100113,Bed Census,UF HEALTH SHANDS HOSPITAL,877
ALACHUA,100113,Available,UF HEALTH SHANDS HOSPITAL,159
ALACHUA,100113,Available Capacity,UF HEALTH SHANDS HOSPITAL,0.153474903
ALACHUA,100113,Total Staffed Bed Capacity,UF HEALTH SHANDS HOSPITAL,"1,036"
ALACHUA,100204,Bed Census,NORTH FLORIDA REGIONAL MEDICAL CENTER,358
ALACHUA,100204,Available,NORTH FLORIDA REGIONAL MEDICAL CENTER,66
ALACHUA,100204,Available Capacity,NORTH FLORIDA REGIONAL MEDICAL CENTER,0.155660377
ALACHUA,100204,Total Staffed Bed Capacity,NORTH FLORIDA REGIONAL MEDICAL CENTER,424
ALACHUA,110025,Bed Census,UF HEALTH REHAB HOSPITAL,41
ALACHUA,110025,Available,UF HEALTH REHAB HOSPITAL,9
ALACHUA,110025,Available Capacity,UF HEALTH REHAB HOSPITAL,0.18
ALACHUA,110025,Total Staffed Bed Capacity,UF HEALTH REHAB HOSPITAL,50
ALACHUA,120011,Bed Census,UF HEALTH SHANDS PSYCHIATRIC HOSPITAL,63
ALACHUA,120011,Available,UF HEALTH SHANDS PSYCHIATRIC HOSPITAL,21
ALACHUA,120011,Available Capacity,UF HEALTH SHANDS PSYCHIATRIC HOSPITAL,0.25
ALACHUA,120011,Total Staffed Bed Capacity,UF HEALTH SHANDS PSYCHIATRIC HOSPITAL,84
ALACHUA,23960071,Bed Census,SELECT SPECIALTY HOSPITAL GAINESVILLE,43
ALACHUA,23960071,Available,SELECT SPECIALTY HOSPITAL GAINESVILLE,5
ALACHUA,23960071,Available Capacity,SELECT SPECIALTY HOSPITAL GAINESVILLE,0.104166667
ALACHUA,23960071,Total Staffed Bed Capacity,SELECT SPECIALTY HOSPITAL GAINESVILLE,48
BAKER,100134,Bed Census,ED FRASER MEMORIAL HOSPITAL,3
BAKER,100134,Available,ED FRASER MEMORIAL HOSPITAL,9
BAKER,100134,Available Capacity,ED FRASER MEMORIAL HOSPITAL,0.75
BAKER,100134,Total Staffed Bed Capacity,ED FRASER MEMORIAL HOSPITAL,12
BAKER,104007,Bed Census,NORTHEAST FLORIDA STATE HOSPITAL,107
BAKER,104007,Available,NORTHEAST FLORIDA STATE HOSPITAL,506
BAKER,104007,Available Capacity,NORTHEAST FLORIDA STATE HOSPITAL,0.825448613
BAKER,104007,Total Staffed Bed Capacity,NORTHEAST FLORIDA STATE HOSPITAL,613
BAY,100026,Bed Census,ASCENSION SACRED HEART BAY,126
BAY,100026,Available,ASCENSION SACRED HEART BAY,40
BAY,100026,Available Capacity,ASCENSION SACRED HEART BAY,0.240963855
BAY,100026,Total Staffed Bed Capacity,ASCENSION SACRED HEART BAY,166
BAY,100242,Bed Census,GULF COAST REGIONAL MEDICAL CENTER,200
BAY,100242,Available,GULF COAST REGIONAL MEDICAL CENTER,36
BAY,100242,Available Capacity,GULF COAST REGIONAL MEDICAL CENTER,0.152542373
BAY,100242,Total Staffed Bed Capacity,GULF COAST REGIONAL MEDICAL CENTER,236
BAY,110034,Bed Census,EMERALD COAST BEHAVIORAL HOSPITAL,61
BAY,110034,Available,EMERALD COAST BEHAVIORAL HOSPITAL,25
BAY,110034,Available Capacity,EMERALD COAST BEHAVIORAL HOSPITAL,0.290697674
BAY,110034,Total Staffed Bed Capacity,EMERALD COAST BEHAVIORAL HOSPITAL,86
BAY,23960013,Bed Census,ENCOMPASS HEALTH REHABILITATION HOSPITAL OF PANAMA CITY,43
BAY,23960013,Available,ENCOMPASS HEALTH REHABILITATION HOSPITAL OF PANAMA CITY,13
BAY,23960013,Available Capacity,ENCOMPASS HEALTH REHABILITATION HOSPITAL OF PANAMA CITY,0.232142857
BAY,23960013,Total Staffed Bed Capacity,ENCOMPASS HEALTH REHABILITATION HOSPITAL OF PANAMA CITY,56
BAY,23960045,Bed Census,SELECT SPECIALTY HOSPITAL - PANAMA CITY,2
BAY,23960045,Available,SELECT SPECIALTY HOSPITAL - PANAMA CITY,28
BAY,23960045,Available Capacity,SELECT SPECIALTY HOSPITAL - PANAMA CITY,0.933333333
BAY,23960045,Total Staffed Bed Capacity,SELECT SPECIALTY HOSPITAL - PANAMA CITY,30
BRADFORD,100103,Bed Census,NORTH FLORIDA REGIONAL MEDICAL CENTER STARKE CAMPUS,5
BRADFORD,100103,Available,NORTH FLORIDA REGIONAL MEDICAL CENTER STARKE CAMPUS,5
BRADFORD,100103,Available Capacity,NORTH FLORIDA REGIONAL MEDICAL CENTER STARKE CAMPUS,0.5
BRADFORD,100103,Total Staffed Bed Capacity,NORTH FLORIDA REGIONAL MEDICAL CENTER STARKE CAMPUS,10
BREVARD,100019,Bed Census,HOLMES REGIONAL MEDICAL CENTER,415
BREVARD,100019,Available,HOLMES REGIONAL MEDICAL CENTER,91
BREVARD,100019,Available Capacity,HOLMES REGIONAL MEDICAL CENTER,0.179841897
BREVARD,100019,Total Staffed Bed Capacity,HOLMES REGIONAL MEDICAL CENTER,506
BREVARD,100028,Bed Census,PARRISH MEDICAL CENTER,116
BREVARD,100028,Available,PARRISH MEDICAL CENTER,37
BREVARD,100028,Available Capacity,PARRISH MEDICAL CENTER,0.241830065
BREVARD,100028,Total Staffed Bed Capacity,PARRISH MEDICAL CENTER,153
BREVARD,100092,Bed Census,ROCKLEDGE REGIONAL MEDICAL CENTER,142
BREVARD,100092,Available,ROCKLEDGE REGIONAL MEDICAL CENTER,34
BREVARD,100092,Available Capacity,ROCKLEDGE REGIONAL MEDICAL CENTER,0.193181818
BREVARD,100092,Total Staffed Bed Capacity,ROCKLEDGE REGIONAL MEDICAL CENTER,176
BREVARD,100177,Bed Census,CAPE CANAVERAL HOSPITAL,72
BREVARD,100177,Available,CAPE CANAVERAL HOSPITAL,58
BREVARD,100177,Available Capacity,CAPE CANAVERAL HOSPITAL,0.446153846
BREVARD,100177,Total Staffed Bed Capacity,CAPE CANAVERAL HOSPITAL,130
BREVARD,104024,Bed Census,"CIRCLES OF CARE, INC",32
BREVARD,104024,Available,"CIRCLES OF CARE, INC",20
BREVARD,104024,Available Capacity,"CIRCLES OF CARE, INC",0.384615385
BREVARD,104024,Total Staffed Bed Capacity,"CIRCLES OF CARE, INC",52
BREVARD,110027,Bed Census,SEA PINES REHABILITATION HOSPITAL AFFILIATE OF ENCOMPASS HEALTH,60
BREVARD,110027,Available,SEA PINES REHABILITATION HOSPITAL AFFILIATE OF ENCOMPASS HEALTH,1
BREVARD,110027,Available Capacity,SEA PINES REHABILITATION HOSPITAL AFFILIATE OF ENCOMPASS HEALTH,0.016393443
BREVARD,110027,Total Staffed Bed Capacity,SEA PINES REHABILITATION HOSPITAL AFFILIATE OF ENCOMPASS HEALTH,61
BREVARD,110036,Bed Census,DEVEREUX FLORIDA,100
BREVARD,110036,Available,DEVEREUX FLORIDA,0
BREVARD,110036,Available Capacity,DEVEREUX FLORIDA,0
BREVARD,110036,Total Staffed Bed Capacity,DEVEREUX FLORIDA,100
BREVARD,120007,Bed Census,PALM BAY HOSPITAL,92
BREVARD,120007,Available,PALM BAY HOSPITAL,27
BREVARD,120007,Available Capacity,PALM BAY HOSPITAL,0.226890756
BREVARD,120007,Total Staffed Bed Capacity,PALM BAY HOSPITAL,119
BREVARD,23960034,Bed Census,MELBOURNE REGIONAL MEDICAL CENTER,57
BREVARD,23960034,Available,MELBOURNE REGIONAL MEDICAL CENTER,48
BREVARD,23960034,Available Capacity,MELBOURNE REGIONAL MEDICAL CENTER,0.457142857
BREVARD,23960034,Total Staffed Bed Capacity,MELBOURNE REGIONAL MEDICAL CENTER,105
BREVARD,23960090,Bed Census,KINDRED HOSPITAL MELBOURNE,40
BREVARD,23960090,Available,KINDRED HOSPITAL MELBOURNE,20
BREVARD,23960090,Available Capacity,KINDRED HOSPITAL MELBOURNE,0.333333333
BREVARD,23960090,Total Staffed Bed Capacity,KINDRED HOSPITAL MELBOURNE,60
BREVARD,23960092,Bed Census,VIERA HOSPITAL,65
BREVARD,23960092,Available,VIERA HOSPITAL,13
BREVARD,23960092,Available Capacity,VIERA HOSPITAL,0.166666667
BREVARD,23960092,Total Staffed Bed Capacity,VIERA HOSPITAL,78
BREVARD,23960153,Bed Census,PALM POINT BEHAVIORAL HEALTH,26
BREVARD,23960153,Available,PALM POINT BEHAVIORAL HEALTH,18
BREVARD,23960153,Available Capacity,PALM POINT BEHAVIORAL HEALTH,0.409090909
BREVARD,23960153,Total Staffed Bed Capacity,PALM POINT BEHAVIORAL HEALTH,44
BROWARD,100038,Bed Census,MEMORIAL REGIONAL HOSPITAL,639
BROWARD,100038,Available,MEMORIAL REGIONAL HOSPITAL,153
BROWARD,100038,Available Capacity,MEMORIAL REGIONAL HOSPITAL,0.193181818
BROWARD,100038,Total Staffed Bed Capacity,MEMORIAL REGIONAL HOSPITAL,792
BROWARD,100039,Bed Census,BROWARD HEALTH MEDICAL CENTER,415
BROWARD,100039,Available,BROWARD HEALTH MEDICAL CENTER,24
BROWARD,100039,Available Capacity,BROWARD HEALTH MEDICAL CENTER,0.054669704
BROWARD,100039,Total Staffed Bed Capacity,BROWARD HEALTH MEDICAL CENTER,439
BROWARD,100042,Bed Census,KINDRED HOSPITAL-SOUTH FLORIDA-HOLLYWOOD,80
BROWARD,100042,Available,KINDRED HOSPITAL-SOUTH FLORIDA-HOLLYWOOD,39
BROWARD,100042,Available Capacity,KINDRED HOSPITAL-SOUTH FLORIDA-HOLLYWOOD,0.327731092
BROWARD,100042,Total Staffed Bed Capacity,KINDRED HOSPITAL-SOUTH FLORIDA-HOLLYWOOD,119
BROWARD,100056,Bed Census,CLEVELAND CLINIC HOSPITAL,209
BROWARD,100056,Available,CLEVELAND CLINIC HOSPITAL,21
BROWARD,100056,Available Capacity,CLEVELAND CLINIC HOSPITAL,0.091304348
BROWARD,100056,Total Staffed Bed Capacity,CLEVELAND CLINIC HOSPITAL,230
BROWARD,100073,Bed Census,HOLY CROSS HOSPITAL,229
BROWARD,100073,Available,HOLY CROSS HOSPITAL,119
BROWARD,100073,Available Capacity,HOLY CROSS HOSPITAL,0.341954023
BROWARD,100073,Total Staffed Bed Capacity,HOLY CROSS HOSPITAL,348
BROWARD,100086,Bed Census,BROWARD HEALTH NORTH,250
BROWARD,100086,Available,BROWARD HEALTH NORTH,8
BROWARD,100086,Available Capacity,BROWARD HEALTH NORTH,0.031007752
BROWARD,100086,Total Staffed Bed Capacity,BROWARD HEALTH NORTH,258
BROWARD,100120,Bed Census,KINDRED HOSPITAL-SOUTH FLORIDA-FT LAUDERDALE,42
BROWARD,100120,Available,KINDRED HOSPITAL-SOUTH FLORIDA-FT LAUDERDALE,12
BROWARD,100120,Available Capacity,KINDRED HOSPITAL-SOUTH FLORIDA-FT LAUDERDALE,0.222222222
BROWARD,100120,Total Staffed Bed Capacity,KINDRED HOSPITAL-SOUTH FLORIDA-FT LAUDERDALE,54
BROWARD,100167,Bed Census,PLANTATION GENERAL HOSPITAL,157
BROWARD,100167,Available,PLANTATION GENERAL HOSPITAL,107
BROWARD,100167,Available Capacity,PLANTATION GENERAL HOSPITAL,0.405303030
BROWARD,100167,Total Staffed Bed Capacity,PLANTATION GENERAL HOSPITAL,264
BROWARD,100189,Bed Census,NORTHWEST MEDICAL CENTER,222
BROWARD,100189,Available,NORTHWEST MEDICAL CENTER,63
BROWARD,100189,Available Capacity,NORTHWEST MEDICAL CENTER,0.221052632
BROWARD,100189,Total Staffed Bed Capacity,NORTHWEST MEDICAL CENTER,285
BROWARD,100200,Bed Census,BROWARD HEALTH IMPERIAL POINT,99
BROWARD,100200,Available,BROWARD HEALTH IMPERIAL POINT,37
BROWARD,100200,Available Capacity,BROWARD HEALTH IMPERIAL POINT,0.272058824
BROWARD,100200,Total Staffed Bed Capacity,BROWARD HEALTH IMPERIAL POINT,136
BROWARD,100210,Bed Census,FLORIDA MEDICAL CENTER - A CAMPUS OF NORTH SHORE,164
BROWARD,100210,Available,FLORIDA MEDICAL CENTER - A CAMPUS OF NORTH SHORE,37
BROWARD,100210,Available Capacity,FLORIDA MEDICAL CENTER - A CAMPUS OF NORTH SHORE,0.184079602
BROWARD,100210,Total Staffed Bed Capacity,FLORIDA MEDICAL CENTER - A CAMPUS OF NORTH SHORE,201
BROWARD,100224,Bed Census,UNIVERSITY HOSPITAL AND MEDICAL CENTER,179
BROWARD,100224,Available,UNIVERSITY HOSPITAL AND MEDICAL CENTER,138
BROWARD,100224,Available Capacity,UNIVERSITY HOSPITAL AND MEDICAL CENTER,0.435331230
BROWARD,100224,Total Staffed Bed Capacity,UNIVERSITY HOSPITAL AND MEDICAL CENTER,317
BROWARD,100225,Bed Census,MEMORIAL REGIONAL HOSPITAL SOUTH,109
BROWARD,100225,Available,MEMORIAL REGIONAL HOSPITAL SOUTH,10
BROWARD,100225,Available Capacity,MEMORIAL REGIONAL HOSPITAL SOUTH,0.084033613
BROWARD,100225,Total Staffed Bed Capacity,MEMORIAL REGIONAL HOSPITAL SOUTH,119
BROWARD,100228,Bed Census,WESTSIDE REGIONAL MEDICAL CENTER,218
BROWARD,100228,Available,WESTSIDE REGIONAL MEDICAL CENTER,32
BROWARD,100228,Available Capacity,WESTSIDE REGIONAL MEDICAL CENTER,0.128
BROWARD,100228,Total Staffed Bed Capacity,WESTSIDE REGIONAL MEDICAL CENTER,250
BROWARD,100230,Bed Census,MEMORIAL HOSPITAL PEMBROKE,166
BROWARD,100230,Available,MEMORIAL HOSPITAL PEMBROKE,5
BROWARD,100230,Available Capacity,MEMORIAL HOSPITAL PEMBROKE,0.029239766
BROWARD,100230,Total Staffed Bed Capacity,MEMORIAL HOSPITAL PEMBROKE,171
BROWARD,103027,Bed Census,ST ANTHONY'S REHABILITATION HOSPITAL,12
BROWARD,103027,Available,ST ANTHONY'S REHABILITATION HOSPITAL,14
BROWARD,103027,Available Capacity,ST ANTHONY'S REHABILITATION HOSPITAL,0.538461538
BROWARD,103027,Total Staffed Bed Capacity,ST ANTHONY'S REHABILITATION HOSPITAL,26
BROWARD,103028,Bed Census,ENCOMPASS HEALTH REHABILITATION HOSPITAL OF SUNRISE,78
BROWARD,103028,Available,ENCOMPASS HEALTH REHABILITATION HOSPITAL OF SUNRISE,32
BROWARD,103028,Available Capacity,ENCOMPASS HEALTH REHABILITATION HOSPITAL OF SUNRISE,0.290909091
BROWARD,103028,Total Staffed Bed Capacity,ENCOMPASS HEALTH REHABILITATION HOSPITAL OF SUNRISE,110
BROWARD,104001,Bed Census,SOUTH FLORIDA STATE HOSPITAL,298
BROWARD,104001,Available,SOUTH FLORIDA STATE HOSPITAL,0
BROWARD,104001,Available Capacity,SOUTH FLORIDA STATE HOSPITAL,0
BROWARD,104001,Total Staffed Bed Capacity,SOUTH FLORIDA STATE HOSPITAL,298
BROWARD,104015,Bed Census,LARKIN COMMUNITY HOSPITAL BEHAVIORAL HEALTH SERVICES,31
BROWARD,104015,Available,LARKIN COMMUNITY HOSPITAL BEHAVIORAL HEALTH SERVICES,9
BROWARD,104015,Available Capacity,LARKIN COMMUNITY HOSPITAL BEHAVIORAL HEALTH SERVICES,0.225
BROWARD,104015,Total Staffed Bed Capacity,LARKIN COMMUNITY HOSPITAL BEHAVIORAL HEALTH SERVICES,40
BROWARD,104026,Bed Census,FORT LAUDERDALE BEHAVIORAL HEALTH CENTER,92
BROWARD,104026,Available,FORT LAUDERDALE BEHAVIORAL HEALTH CENTER,2
BROWARD,104026,Available Capacity,FORT LAUDERDALE BEHAVIORAL HEALTH CENTER,0.021276596
BROWARD,104026,Total Staffed Bed Capacity,FORT LAUDERDALE BEHAVIORAL HEALTH CENTER,94
BROWARD,110019,Bed Census,BROWARD HEALTH CORAL SPRINGS,173
BROWARD,110019,Available,BROWARD HEALTH CORAL SPRINGS,12
BROWARD,110019,Available Capacity,BROWARD HEALTH CORAL SPRINGS,0.064864865
BROWARD,110019,Total Staffed Bed Capacity,BROWARD HEALTH CORAL SPRINGS,185
BROWARD,111527,Bed Census,MEMORIAL HOSPITAL WEST,400
BROWARD,111527,Available,MEMORIAL HOSPITAL WEST,42
BROWARD,111527,Available Capacity,MEMORIAL HOSPITAL WEST,0.095022624
BROWARD,111527,Total Staffed Bed Capacity,MEMORIAL HOSPITAL WEST,442
BROWARD,23960050,Bed Census,MEMORIAL HOSPITAL MIRAMAR,182
BROWARD,23960050,Available,MEMORIAL HOSPITAL MIRAMAR,29
BROWARD,23960050,Available Capacity,MEMORIAL HOSPITAL MIRAMAR,0.137440758
BROWARD,23960050,Total Staffed Bed Capacity,MEMORIAL HOSPITAL MIRAMAR,211
CALHOUN,100112,Bed Census,CALHOUN-LIBERTY HOSPITAL,7
CALHOUN,100112,Available,CALHOUN-LIBERTY HOSPITAL,3
CALHOUN,100112,Available Capacity,CALHOUN-LIBERTY HOSPITAL,0.3
CALHOUN,100112,Total Staffed Bed Capacity,CALHOUN-LIBERTY HOSPITAL,10
CHARLOTTE,100047,Bed Census,BAYFRONT HEALTH PUNTA GORDA,138
CHARLOTTE,100047,Available,BAYFRONT HEALTH PUNTA GORDA,97
CHARLOTTE,100047,Available Capacity,BAYFRONT HEALTH PUNTA GORDA,0.412765957
CHARLOTTE,100047,Total Staffed Bed Capacity,BAYFRONT HEALTH PUNTA GORDA,235
CHARLOTTE,100077,Bed Census,BAYFRONT HEALTH PORT CHARLOTTE,167
CHARLOTTE,100077,Available,BAYFRONT HEALTH PORT CHARLOTTE,55
CHARLOTTE,100077,Available Capacity,BAYFRONT HEALTH PORT CHARLOTTE,0.247747748
CHARLOTTE,100077,Total Staffed Bed Capacity,BAYFRONT HEALTH PORT CHARLOTTE,222
CHARLOTTE,100236,Bed Census,FAWCETT MEMORIAL HOSPITAL,138
CHARLOTTE,100236,Available,FAWCETT MEMORIAL HOSPITAL,115
CHARLOTTE,100236,Available Capacity,FAWCETT MEMORIAL HOSPITAL,0.454545455
CHARLOTTE,100236,Total Staffed Bed Capacity,FAWCETT MEMORIAL HOSPITAL,253
CITRUS,100023,Bed Census,CITRUS MEMORIAL HOSPITAL,156
CITRUS,100023,Available,CITRUS MEMORIAL HOSPITAL,48
CITRUS,100023,Available Capacity,CITRUS MEMORIAL HOSPITAL,0.235294118
CITRUS,100023,Total Staffed Bed Capacity,CITRUS MEMORIAL HOSPITAL,204
CITRUS,100249,Bed Census,BAYFRONT HEALTH SEVEN RIVERS,90
CITRUS,100249,Available,BAYFRONT HEALTH SEVEN RIVERS,36
CITRUS,100249,Available Capacity,BAYFRONT HEALTH SEVEN RIVERS,0.285714286
CITRUS,100249,Total Staffed Bed Capacity,BAYFRONT HEALTH SEVEN RIVERS,126
CLAY,100016,Bed Census,KINDRED HOSPITAL-NORTH FLORIDA,38
CLAY,100016,Available,KINDRED HOSPITAL-NORTH FLORIDA,19
CLAY,100016,Available Capacity,KINDRED HOSPITAL-NORTH FLORIDA,0.333333333
CLAY,100016,Total Staffed Bed Capacity,KINDRED HOSPITAL-NORTH FLORIDA,57
CLAY,100226,Bed Census,ORANGE PARK MEDICAL CENTER,340
CLAY,100226,Available,ORANGE PARK MEDICAL CENTER,39
CLAY,100226,Available Capacity,ORANGE PARK MEDICAL CENTER,0.102902375
CLAY,100226,Total Staffed Bed Capacity,ORANGE PARK MEDICAL CENTER,379
CLAY,23960117,Bed Census,ASCENSION ST VINCENT'S CLAY COUNTY,91
CLAY,23960117,Available,ASCENSION ST VINCENT'S CLAY COUNTY,15
CLAY,23960117,Available Capacity,ASCENSION ST VINCENT'S CLAY COUNTY,0.141509434
CLAY,23960117,Total Staffed Bed Capacity,ASCENSION ST VINCENT'S CLAY COUNTY,106
COLLIER,100018,Bed Census,NAPLES COMMUNITY HOSPITAL,259
COLLIER,100018,Available,NAPLES COMMUNITY HOSPITAL,39
COLLIER,100018,Available Capacity,NAPLES COMMUNITY HOSPITAL,0.130872483
COLLIER,100018,Total Staffed Bed Capacity,NAPLES COMMUNITY HOSPITAL,298
COLLIER,110043,Bed Census,"WILLOUGH AT NAPLES, THE",46
COLLIER,110043,Available,"WILLOUGH AT NAPLES, THE",38
COLLIER,110043,Available Capacity,"WILLOUGH AT NAPLES, THE",0.452380952
COLLIER,110043,Total Staffed Bed Capacity,"WILLOUGH AT NAPLES, THE",84
COLLIER,120006,Bed Census,NCH HEALTHCARE SYSTEM NORTH NAPLES HOSPITAL CAMPUS,247
COLLIER,120006,Available,NCH HEALTHCARE SYSTEM NORTH NAPLES HOSPITAL CAMPUS,35
COLLIER,120006,Available Capacity,NCH HEALTHCARE SYSTEM NORTH NAPLES HOSPITAL CAMPUS,0.124113475
COLLIER,120006,Total Staffed Bed Capacity,NCH HEALTHCARE SYSTEM NORTH NAPLES HOSPITAL CAMPUS,282
COLLIER,23960025,Bed Census,PHYSICIANS REGIONAL MEDICAL CENTER - PINE RIDGE,99
COLLIER,23960025,Available,PHYSICIANS REGIONAL MEDICAL CENTER - PINE RIDGE,6
COLLIER,23960025,Available Capacity,PHYSICIANS REGIONAL MEDICAL CENTER - PINE RIDGE,0.057142857
COLLIER,23960025,Total Staffed Bed Capacity,PHYSICIANS REGIONAL MEDICAL CENTER - PINE RIDGE,105
COLLIER,23960057,Bed Census,PHYSICIANS REGIONAL MEDICAL CENTER - COLLIER,60
COLLIER,23960057,Available,PHYSICIANS REGIONAL MEDICAL CENTER - COLLIER,40
COLLIER,23960057,Available Capacity,PHYSICIANS REGIONAL MEDICAL CENTER - COLLIER,0.4
COLLIER,23960057,Total Staffed Bed Capacity,PHYSICIANS REGIONAL MEDICAL CENTER - COLLIER,100
COLLIER,23960116,Bed Census,LANDMARK HOSPITAL OF SOUTHWEST FLORIDA,28
COLLIER,23960116,Available,LANDMARK HOSPITAL OF SOUTHWEST FLORIDA,20
COLLIER,23960116,Available Capacity,LANDMARK HOSPITAL OF SOUTHWEST FLORIDA,0.416666667
COLLIER,23960116,Total Staffed Bed Capacity,LANDMARK HOSPITAL OF SOUTHWEST FLORIDA,48
COLUMBIA,100102,Bed Census,SHANDS LAKE SHORE REGIONAL MEDICAL CENTER,14
COLUMBIA,100102,Available,SHANDS LAKE SHORE REGIONAL MEDICAL CENTER,17
COLUMBIA,100102,Available Capacity,SHANDS LAKE SHORE REGIONAL MEDICAL CENTER,0.548387097
COLUMBIA,100102,Total Staffed Bed Capacity,SHANDS LAKE SHORE REGIONAL MEDICAL CENTER,31
COLUMBIA,100156,Bed Census,LAKE CITY MEDICAL CENTER,81
COLUMBIA,100156,Available,LAKE CITY MEDICAL CENTER,10
COLUMBIA,100156,Available Capacity,LAKE CITY MEDICAL CENTER,0.109890110
COLUMBIA,100156,Total Staffed Bed Capacity,LAKE CITY MEDICAL CENTER,91
DESOTO,100175,Bed Census,DESOTO MEMORIAL HOSPITAL,28
DESOTO,100175,Available,DESOTO MEMORIAL HOSPITAL,27
DESOTO,100175,Available Capacity,DESOTO MEMORIAL HOSPITAL,0.490909091
DESOTO,100175,Total Staffed Bed Capacity,DESOTO MEMORIAL HOSPITAL,55
DUVAL,100001,Bed Census,UF HEALTH JACKSONVILLE,478
DUVAL,100001,Available,UF HEALTH JACKSONVILLE,125
DUVAL,100001,Available Capacity,UF HEALTH JACKSONVILLE,0.207296849
DUVAL,100001,Total Staffed Bed Capacity,UF HEALTH JACKSONVILLE,603
DUVAL,100040,Bed Census,ASCENSION ST VINCENT'S RIVERSIDE,358
DUVAL,100040,Available,ASCENSION ST VINCENT'S RIVERSIDE,160
DUVAL,100040,Available Capacity,ASCENSION ST VINCENT'S RIVERSIDE,0.308880309
DUVAL,100040,Total Staffed Bed Capacity,ASCENSION ST VINCENT'S RIVERSIDE,518
DUVAL,100088,Bed Census,BAPTIST MEDICAL CENTER JACKSONVILLE,499
DUVAL,100088,Available,BAPTIST MEDICAL CENTER JACKSONVILLE,42
DUVAL,100088,Available Capacity,BAPTIST MEDICAL CENTER JACKSONVILLE,0.077634011
DUVAL,100088,Total Staffed Bed Capacity,BAPTIST MEDICAL CENTER JACKSONVILLE,541
DUVAL,100117,Bed Census,BAPTIST MEDICAL CENTER - BEACHES,144
DUVAL,100117,Available,BAPTIST MEDICAL CENTER - BEACHES,40
DUVAL,100117,Available Capacity,BAPTIST MEDICAL CENTER - BEACHES,0.217391304
DUVAL,100117,Total Staffed Bed Capacity,BAPTIST MEDICAL CENTER - BEACHES,184
DUVAL,100151,Bed Census,MAYO CLINIC,282
DUVAL,100151,Available,MAYO CLINIC,23
DUVAL,100151,Available Capacity,MAYO CLINIC,0.075409836
DUVAL,100151,Total Staffed Bed Capacity,MAYO CLINIC,305
DUVAL,100179,Bed Census,MEMORIAL HOSPITAL JACKSONVILLE,324
DUVAL,100179,Available,MEMORIAL HOSPITAL JACKSONVILLE,175
DUVAL,100179,Available Capacity,MEMORIAL HOSPITAL JACKSONVILLE,0.350701403
DUVAL,100179,Total Staffed Bed Capacity,MEMORIAL HOSPITAL JACKSONVILLE,499
DUVAL,100184,Bed Census,BROOKS REHABILITATION HOSPITAL,128
DUVAL,100184,Available,BROOKS REHABILITATION HOSPITAL,11
DUVAL,100184,Available Capacity,BROOKS REHABILITATION HOSPITAL,0.079136691
DUVAL,100184,Total Staffed Bed Capacity,BROOKS REHABILITATION HOSPITAL,139
DUVAL,100196,Bed Census,CURAHEALTH JACKSONVILLE LLC,20
DUVAL,100196,Available,CURAHEALTH JACKSONVILLE LLC,2
DUVAL,100196,Available Capacity,CURAHEALTH JACKSONVILLE LLC,0.090909091
DUVAL,100196,Total Staffed Bed Capacity,CURAHEALTH JACKSONVILLE LLC,22
DUVAL,104016,Bed Census,RIVER POINT BEHAVIORAL HEALTH,51
DUVAL,104016,Available,RIVER POINT BEHAVIORAL HEALTH,33
DUVAL,104016,Available Capacity,RIVER POINT BEHAVIORAL HEALTH,0.392857143
DUVAL,104016,Total Staffed Bed Capacity,RIVER POINT BEHAVIORAL HEALTH,84
DUVAL,23960052,Bed Census,BAPTIST MEDICAL CENTER SOUTH,309
DUVAL,23960052,Available,BAPTIST MEDICAL CENTER SOUTH,64
DUVAL,23960052,Available Capacity,BAPTIST MEDICAL CENTER SOUTH,0.171581769
DUVAL,23960052,Total Staffed Bed Capacity,BAPTIST MEDICAL CENTER SOUTH,373
DUVAL,23960061,Bed Census,WEKIVA SPRINGS,70
DUVAL,23960061,Available,WEKIVA SPRINGS,53
DUVAL,23960061,Available Capacity,WEKIVA SPRINGS,0.430894309
DUVAL,23960061,Total Staffed Bed Capacity,WEKIVA SPRINGS,123
DUVAL,23960088,Bed Census,ASCENSION ST VINCENT'S SOUTHSIDE,131
DUVAL,23960088,Available,ASCENSION ST VINCENT'S SOUTHSIDE,114
DUVAL,23960088,Available Capacity,ASCENSION ST VINCENT'S SOUTHSIDE,0.465306122
DUVAL,23960088,Total Staffed Bed Capacity,ASCENSION ST VINCENT'S SOUTHSIDE,245
DUVAL,23960123,Bed Census,UF HEALTH NORTH,84
DUVAL,23960123,Available,UF HEALTH NORTH,8
DUVAL,23960123,Available Capacity,UF HEALTH NORTH,0.086956522
DUVAL,23960123,Total Staffed Bed Capacity,UF HEALTH NORTH,92
DUVAL,23960157,Bed Census,WOLFSON CHILDREN'S HOSPITAL,152
DUVAL,23960157,Available,WOLFSON CHILDREN'S HOSPITAL,57
DUVAL,23960157,Available Capacity,WOLFSON CHILDREN'S HOSPITAL,0.272727273
DUVAL,23960157,Total Staffed Bed Capacity,WOLFSON CHILDREN'S HOSPITAL,209
ESCAMBIA,100025,Bed Census,ASCENSION SACRED HEART PENSACOLA,397
ESCAMBIA,100025,Available,ASCENSION SACRED HEART PENSACOLA,96
ESCAMBIA,100025,Available Capacity,ASCENSION SACRED HEART PENSACOLA,0.194726166
ESCAMBIA,100025,Total Staffed Bed Capacity,ASCENSION SACRED HEART PENSACOLA,493
ESCAMBIA,100093,Bed Census,BAPTIST HOSPITAL,277
ESCAMBIA,100093,Available,BAPTIST HOSPITAL,87
ESCAMBIA,100093,Available Capacity,BAPTIST HOSPITAL,0.239010989
ESCAMBIA,100093,Total Staffed Bed Capacity,BAPTIST HOSPITAL,364
ESCAMBIA,100231,Bed Census,WEST FLORIDA HOSPITAL,293
ESCAMBIA,100231,Available,WEST FLORIDA HOSPITAL,120
ESCAMBIA,100231,Available Capacity,WEST FLORIDA HOSPITAL,0.290556901
ESCAMBIA,100231,Total Staffed Bed Capacity,WEST FLORIDA HOSPITAL,413
ESCAMBIA,23960076,Bed Census,SELECT SPECIALTY HOSPITAL PENSACOLA,71
ESCAMBIA,23960076,Available,SELECT SPECIALTY HOSPITAL PENSACOLA,4
ESCAMBIA,23960076,Available Capacity,SELECT SPECIALTY HOSPITAL PENSACOLA,0.053333333
ESCAMBIA,23960076,Total Staffed Bed Capacity,SELECT SPECIALTY HOSPITAL PENSACOLA,75
FLAGLER,100118,Bed Census,ADVENTHEALTH PALM COAST,85
FLAGLER,100118,Available,ADVENTHEALTH PALM COAST,14
FLAGLER,100118,Available Capacity,ADVENTHEALTH PALM COAST,0.141414141
FLAGLER,100118,Total Staffed Bed Capacity,ADVENTHEALTH PALM COAST,99
FRANKLIN,100153,Bed Census,GEORGE E WEEMS MEMORIAL HOSPITAL,0
FRANKLIN,100153,Available,GEORGE E WEEMS MEMORIAL HOSPITAL,15
FRANKLIN,100153,Available Capacity,GEORGE E WEEMS MEMORIAL HOSPITAL,1
FRANKLIN,100153,Total Staffed Bed Capacity,GEORGE E WEEMS MEMORIAL HOSPITAL,15
GADSDEN,100159,Bed Census,"CAPITAL REGIONAL MEDICAL CENTER, GADSDEN MEMORIAL CAMPUS",0
GADSDEN,100159,Available,"CAPITAL REGIONAL MEDICAL CENTER, GADSDEN MEMORIAL CAMPUS",0
GADSDEN,100159,Available Capacity,"CAPITAL REGIONAL MEDICAL CENTER, GADSDEN MEMORIAL CAMPUS",
GADSDEN,100159,Total Staffed Bed Capacity,"CAPITAL REGIONAL MEDICAL CENTER, GADSDEN MEMORIAL CAMPUS",0
GADSDEN,104000,Bed Census,FLORIDA STATE HOSPITAL,0
GADSDEN,104000,Available,FLORIDA STATE HOSPITAL,0
GADSDEN,104000,Available Capacity,FLORIDA STATE HOSPITAL,
GADSDEN,104000,Total Staffed Bed Capacity,FLORIDA STATE HOSPITAL,0
GULF,23960084,Bed Census,ASCENSION SACRED HEART GULF,8
GULF,23960084,Available,ASCENSION SACRED HEART GULF,13
GULF,23960084,Available Capacity,ASCENSION SACRED HEART GULF,0.619047619
GULF,23960084,Total Staffed Bed Capacity,ASCENSION SACRED HEART GULF,21
HARDEE,100282,Bed Census,ADVENTHEALTH WAUCHULA,24
HARDEE,100282,Available,ADVENTHEALTH WAUCHULA,1
HARDEE,100282,Available Capacity,ADVENTHEALTH WAUCHULA,0.04
HARDEE,100282,Total Staffed Bed Capacity,ADVENTHEALTH WAUCHULA,25
HENDRY,100098,Bed Census,HENDRY REGIONAL MEDICAL CENTER,16
HENDRY,100098,Available,HENDRY REGIONAL MEDICAL CENTER,13
HENDRY,100098,Available Capacity,HENDRY REGIONAL MEDICAL CENTER,0.448275862
HENDRY,100098,Total Staffed Bed Capacity,HENDRY REGIONAL MEDICAL CENTER,29
HERNANDO,100071,Bed Census,BAYFRONT HEALTH BROOKSVILLE,74
HERNANDO,100071,Available,BAYFRONT HEALTH BROOKSVILLE,53
HERNANDO,100071,Available Capacity,BAYFRONT HEALTH BROOKSVILLE,0.417322835
HERNANDO,100071,Total Staffed Bed Capacity,BAYFRONT HEALTH BROOKSVILLE,127
HERNANDO,100264,Bed Census,OAK HILL HOSPITAL,280
HERNANDO,100264,Available,OAK HILL HOSPITAL,70
HERNANDO,100264,Available Capacity,OAK HILL HOSPITAL,0.2
HERNANDO,100264,Total Staffed Bed Capacity,OAK HILL HOSPITAL,350
HERNANDO,110054,Bed Census,SPRINGBROOK HOSPITAL,66
HERNANDO,110054,Available,SPRINGBROOK HOSPITAL,0
HERNANDO,110054,Available Capacity,SPRINGBROOK HOSPITAL,0
HERNANDO,110054,Total Staffed Bed Capacity,SPRINGBROOK HOSPITAL,66
HERNANDO,111525,Bed Census,BAYFRONT HEALTH SPRING HILL,60
HERNANDO,111525,Available,BAYFRONT HEALTH SPRING HILL,64
HERNANDO,111525,Available Capacity,BAYFRONT HEALTH SPRING HILL,0.516129032
HERNANDO,111525,Total Staffed Bed Capacity,BAYFRONT HEALTH SPRING HILL,124
HERNANDO,23960042,Bed Census,ENCOMPASS HEALTH REHABILITATION HOSPITAL OF SPRING HILL,63
HERNANDO,23960042,Available,ENCOMPASS HEALTH REHABILITATION HOSPITAL OF SPRING HILL,17
HERNANDO,23960042,Available Capacity,ENCOMPASS HEALTH REHABILITATION HOSPITAL OF SPRING HILL,0.2125
HERNANDO,23960042,Total Staffed Bed Capacity,ENCOMPASS HEALTH REHABILITATION HOSPITAL OF SPRING HILL,80
HIGHLANDS,100049,Bed Census,HIGHLANDS REGIONAL MEDICAL CENTER,44
HIGHLANDS,100049,Available,HIGHLANDS REGIONAL MEDICAL CENTER,21
HIGHLANDS,100049,Available Capacity,HIGHLANDS REGIONAL MEDICAL CENTER,0.323076923
HIGHLANDS,100049,Total Staffed Bed Capacity,HIGHLANDS REGIONAL MEDICAL CENTER,65
HIGHLANDS,100109,Bed Census,ADVENTHEALTH SEBRING,155
HIGHLANDS,100109,Available,ADVENTHEALTH SEBRING,16
HIGHLANDS,100109,Available Capacity,ADVENTHEALTH SEBRING,0.093567251
HIGHLANDS,100109,Total Staffed Bed Capacity,ADVENTHEALTH SEBRING,171
HIGHLANDS,120013,Bed Census,ADVENTHEALTH LAKE PLACID,16
HIGHLANDS,120013,Available,ADVENTHEALTH LAKE PLACID,4
HIGHLANDS,120013,Available Capacity,ADVENTHEALTH LAKE PLACID,0.2
HIGHLANDS,120013,Total Staffed Bed Capacity,ADVENTHEALTH LAKE PLACID,20
HILLSBOROUGH,100069,Bed Census,ADVENTHEALTH CARROLLWOOD,85
HILLSBOROUGH,100069,Available,ADVENTHEALTH CARROLLWOOD,10
HILLSBOROUGH,100069,Available Capacity,ADVENTHEALTH CARROLLWOOD,0.105263158
HILLSBOROUGH,100069,Total Staffed Bed Capacity,ADVENTHEALTH CARROLLWOOD,95
HILLSBOROUGH,100075,Bed Census,ST JOSEPHS HOSPITAL,637
HILLSBOROUGH,100075,Available,ST JOSEPHS HOSPITAL,54
HILLSBOROUGH,100075,Available Capacity,ST JOSEPHS HOSPITAL,0.078147612
HILLSBOROUGH,100075,Total Staffed Bed Capacity,ST JOSEPHS HOSPITAL,691
HILLSBOROUGH,100115,Bed Census,KINDRED HOSPITAL-BAY AREA-TAMPA,55
HILLSBOROUGH,100115,Available,KINDRED HOSPITAL-BAY AREA-TAMPA,18
HILLSBOROUGH,100115,Available Capacity,KINDRED HOSPITAL-BAY AREA-TAMPA,0.246575342
HILLSBOROUGH,100115,Total Staffed Bed Capacity,KINDRED HOSPITAL-BAY AREA-TAMPA,73
HILLSBOROUGH,100128,Bed Census,TAMPA GENERAL HOSPITAL,827
HILLSBOROUGH,100128,Available,TAMPA GENERAL HOSPITAL,201
HILLSBOROUGH,100128,Available Capacity,TAMPA GENERAL HOSPITAL,0.195525292
HILLSBOROUGH,100128,Total Staffed Bed Capacity,TAMPA GENERAL HOSPITAL,"1,028"
HILLSBOROUGH,100132,Bed Census,SOUTH FLORIDA BAPTIST HOSPITAL,104
HILLSBOROUGH,100132,Available,SOUTH FLORIDA BAPTIST HOSPITAL,8
HILLSBOROUGH,100132,Available Capacity,SOUTH FLORIDA BAPTIST HOSPITAL,0.071428571
HILLSBOROUGH,100132,Total Staffed Bed Capacity,SOUTH FLORIDA BAPTIST HOSPITAL,112
HILLSBOROUGH,100143,Bed Census,KINDRED HOSPITAL-CENTRAL TAMPA,76
HILLSBOROUGH,100143,Available,KINDRED HOSPITAL-CENTRAL TAMPA,23
HILLSBOROUGH,100143,Available Capacity,KINDRED HOSPITAL-CENTRAL TAMPA,0.232323232
HILLSBOROUGH,100143,Total Staffed Bed Capacity,KINDRED HOSPITAL-CENTRAL TAMPA,99
HILLSBOROUGH,100173,Bed Census,ADVENTHEALTH TAMPA,457
HILLSBOROUGH,100173,Available,ADVENTHEALTH TAMPA,79
HILLSBOROUGH,100173,Available Capacity,ADVENTHEALTH TAMPA,0.147388060
HILLSBOROUGH,100173,Total Staffed Bed Capacity,ADVENTHEALTH TAMPA,536
HILLSBOROUGH,100206,Bed Census,MEMORIAL HOSPITAL OF TAMPA,97
HILLSBOROUGH,100206,Available,MEMORIAL HOSPITAL OF TAMPA,10
HILLSBOROUGH,100206,Available Capacity,MEMORIAL HOSPITAL OF TAMPA,0.093457944
HILLSBOROUGH,100206,Total Staffed Bed Capacity,MEMORIAL HOSPITAL OF TAMPA,107
HILLSBOROUGH,100243,Bed Census,BRANDON REGIONAL HOSPITAL,378
HILLSBOROUGH,100243,Available,BRANDON REGIONAL HOSPITAL,106
HILLSBOROUGH,100243,Available Capacity,BRANDON REGIONAL HOSPITAL,0.219008264
HILLSBOROUGH,100243,Total Staffed Bed Capacity,BRANDON REGIONAL HOSPITAL,484
HILLSBOROUGH,100255,Bed Census,TAMPA COMMUNITY HOSPITAL- A CAMPUS OF MEMORIAL HOSPITAL OF TAMPA,28
HILLSBOROUGH,100255,Available,TAMPA COMMUNITY HOSPITAL- A CAMPUS OF MEMORIAL HOSPITAL OF TAMPA,5
HILLSBOROUGH,100255,Available Capacity,TAMPA COMMUNITY HOSPITAL- A CAMPUS OF MEMORIAL HOSPITAL OF TAMPA,0.151515152
HILLSBOROUGH,100255,Total Staffed Bed Capacity,TAMPA COMMUNITY HOSPITAL- A CAMPUS OF MEMORIAL HOSPITAL OF TAMPA,33
HILLSBOROUGH,100259,Bed Census,SOUTH BAY HOSPITAL,56
HILLSBOROUGH,100259,Available,SOUTH BAY HOSPITAL,84
HILLSBOROUGH,100259,Available Capacity,SOUTH BAY HOSPITAL,0.6
HILLSBOROUGH,100259,Total Staffed Bed Capacity,SOUTH BAY HOSPITAL,140
HILLSBOROUGH,110009,Bed Census,H LEE MOFFITT CANCER CENTER & RESEARCH INSTITUTE HOSPITAL,218
HILLSBOROUGH,110009,Available,H LEE MOFFITT CANCER CENTER & RESEARCH INSTITUTE HOSPITAL,36
HILLSBOROUGH,110009,Available Capacity,H LEE MOFFITT CANCER CENTER & RESEARCH INSTITUTE HOSPITAL,0.141732283
HILLSBOROUGH,110009,Total Staffed Bed Capacity,H LEE MOFFITT CANCER CENTER & RESEARCH INSTITUTE HOSPITAL,254
HILLSBOROUGH,23960100,Bed Census,ST JOSEPHS HOSPITAL NORTH,110
HILLSBOROUGH,23960100,Available,ST JOSEPHS HOSPITAL NORTH,16
HILLSBOROUGH,23960100,Available Capacity,ST JOSEPHS HOSPITAL NORTH,0.126984127
HILLSBOROUGH,23960100,Total Staffed Bed Capacity,ST JOSEPHS HOSPITAL NORTH,126
HILLSBOROUGH,23960105,Bed Census,ST JOSEPHS HOSPITAL SOUTH,143
HILLSBOROUGH,23960105,Available,ST JOSEPHS HOSPITAL SOUTH,10
HILLSBOROUGH,23960105,Available Capacity,ST JOSEPHS HOSPITAL SOUTH,0.065359477
HILLSBOROUGH,23960105,Total Staffed Bed Capacity,ST JOSEPHS HOSPITAL SOUTH,153
HILLSBOROUGH,23960113,Bed Census,ST JOSEPHS HOSPITAL BEHAVIORAL HEALTH CENTER,59
HILLSBOROUGH,23960113,Available,ST JOSEPHS HOSPITAL BEHAVIORAL HEALTH CENTER,1
HILLSBOROUGH,23960113,Available Capacity,ST JOSEPHS HOSPITAL BEHAVIORAL HEALTH CENTER,0.016666667
HILLSBOROUGH,23960113,Total Staffed Bed Capacity,ST JOSEPHS HOSPITAL BEHAVIORAL HEALTH CENTER,60
HOLMES,100078,Bed Census,DOCTORS MEMORIAL HOSPITAL,14
HOLMES,100078,Available,DOCTORS MEMORIAL HOSPITAL,6
HOLMES,100078,Available Capacity,DOCTORS MEMORIAL HOSPITAL,0.3
HOLMES,100078,Total Staffed Bed Capacity,DOCTORS MEMORIAL HOSPITAL,20
INDIAN RIVER,100105,Bed Census,CLEVELAND CLINIC INDIAN RIVER HOSPITAL,206
INDIAN RIVER,100105,Available,CLEVELAND CLINIC INDIAN RIVER HOSPITAL,105
INDIAN RIVER,100105,Available Capacity,CLEVELAND CLINIC INDIAN RIVER HOSPITAL,0.337620579
INDIAN RIVER,100105,Total Staffed Bed Capacity,CLEVELAND CLINIC INDIAN RIVER HOSPITAL,311
INDIAN RIVER,100217,Bed Census,STEWARD SEBASTIAN RIVER MEDICAL CENTER,73
INDIAN RIVER,100217,Available,STEWARD SEBASTIAN RIVER MEDICAL CENTER,12
INDIAN RIVER,100217,Available Capacity,STEWARD SEBASTIAN RIVER MEDICAL CENTER,0.141176471
INDIAN RIVER,100217,Total Staffed Bed Capacity,STEWARD SEBASTIAN RIVER MEDICAL CENTER,85
INDIAN RIVER,110017,Bed Census,ENCOMPASS HEALTH REHABILITATION HOSPITAL OF TREASURE COAST,50
INDIAN RIVER,110017,Available,ENCOMPASS HEALTH REHABILITATION HOSPITAL OF TREASURE COAST,15
INDIAN RIVER,110017,Available Capacity,ENCOMPASS HEALTH REHABILITATION HOSPITAL OF TREASURE COAST,0.230769231
INDIAN RIVER,110017,Total Staffed Bed Capacity,ENCOMPASS HEALTH REHABILITATION HOSPITAL OF TREASURE COAST,65
JACKSON,100138,Bed Census,CAMPBELLTON-GRACEVILLE HOSPITAL,0
JACKSON,100138,Available,CAMPBELLTON-GRACEVILLE HOSPITAL,0
JACKSON,100138,Available Capacity,CAMPBELLTON-GRACEVILLE HOSPITAL,
JACKSON,100138,Total Staffed Bed Capacity,CAMPBELLTON-GRACEVILLE HOSPITAL,0
JACKSON,100142,Bed Census,JACKSON HOSPITAL,74
JACKSON,100142,Available,JACKSON HOSPITAL,21
JACKSON,100142,Available Capacity,JACKSON HOSPITAL,0.221052632
JACKSON,100142,Total Staffed Bed Capacity,JACKSON HOSPITAL,95
LAKE,100051,Bed Census,ORLANDO HEALTH SOUTH LAKE HOSPITAL,201
LAKE,100051,Available,ORLANDO HEALTH SOUTH LAKE HOSPITAL,17
LAKE,100051,Available Capacity,ORLANDO HEALTH SOUTH LAKE HOSPITAL,0.077981651
LAKE,100051,Total Staffed Bed Capacity,ORLANDO HEALTH SOUTH LAKE HOSPITAL,218
LAKE,100057,Bed Census,ADVENTHEALTH WATERMAN,226
LAKE,100057,Available,ADVENTHEALTH WATERMAN,74
LAKE,100057,Available Capacity,ADVENTHEALTH WATERMAN,0.246666667
LAKE,100057,Total Staffed Bed Capacity,ADVENTHEALTH WATERMAN,300
LAKE,100084,Bed Census,UF HEALTH LEESBURG HOSPITAL,261
LAKE,100084,Available,UF HEALTH LEESBURG HOSPITAL,71
LAKE,100084,Available Capacity,UF HEALTH LEESBURG HOSPITAL,0.213855422
LAKE,100084,Total Staffed Bed Capacity,UF HEALTH LEESBURG HOSPITAL,332
LAKE,100214,Bed Census,UF HEALTH LEESBURG SENIOR BEHAVIORAL HEALTH CENTER,7
LAKE,100214,Available,UF HEALTH LEESBURG SENIOR BEHAVIORAL HEALTH CENTER,14
LAKE,100214,Available Capacity,UF HEALTH LEESBURG SENIOR BEHAVIORAL HEALTH CENTER,0.666666667
LAKE,100214,Total Staffed Bed Capacity,UF HEALTH LEESBURG SENIOR BEHAVIORAL HEALTH CENTER,21
LAKE,104018,Bed Census,LIFESTREAM BEHAVIORAL CENTER,44
LAKE,104018,Available,LIFESTREAM BEHAVIORAL CENTER,2
LAKE,104018,Available Capacity,LIFESTREAM BEHAVIORAL CENTER,0.043478261
LAKE,104018,Total Staffed Bed Capacity,LIFESTREAM BEHAVIORAL CENTER,46
LEE,100012,Bed Census,LEE MEMORIAL HOSPITAL,323
LEE,100012,Available,LEE MEMORIAL HOSPITAL,30
LEE,100012,Available Capacity,LEE MEMORIAL HOSPITAL,0.084985836
LEE,100012,Total Staffed Bed Capacity,LEE MEMORIAL HOSPITAL,353
LEE,100107,Bed Census,LEHIGH REGIONAL MEDICAL CENTER,32
LEE,100107,Available,LEHIGH REGIONAL MEDICAL CENTER,11
LEE,100107,Available Capacity,LEHIGH REGIONAL MEDICAL CENTER,0.255813953
LEE,100107,Total Staffed Bed Capacity,LEHIGH REGIONAL MEDICAL CENTER,43
LEE,100220,Bed Census,GULF COAST MEDICAL CENTER LEE MEMORIAL HEALTH SYSTEM,400
LEE,100220,Available,GULF COAST MEDICAL CENTER LEE MEMORIAL HEALTH SYSTEM,65
LEE,100220,Available Capacity,GULF COAST MEDICAL CENTER LEE MEMORIAL HEALTH SYSTEM,0.139784946
LEE,100220,Total Staffed Bed Capacity,GULF COAST MEDICAL CENTER LEE MEMORIAL HEALTH SYSTEM,465
LEE,100244,Bed Census,CAPE CORAL HOSPITAL,262
LEE,100244,Available,CAPE CORAL HOSPITAL,24
LEE,100244,Available Capacity,CAPE CORAL HOSPITAL,0.083916084
LEE,100244,Total Staffed Bed Capacity,CAPE CORAL HOSPITAL,286
LEE,120005,Bed Census,HEALTHPARK MEDICAL CENTER,369
LEE,120005,Available,HEALTHPARK MEDICAL CENTER,98
LEE,120005,Available Capacity,HEALTHPARK MEDICAL CENTER,0.209850107
LEE,120005,Total Staffed Bed Capacity,HEALTHPARK MEDICAL CENTER,467
LEE,23960103,Bed Census,PARK ROYAL HOSPITAL,96
LEE,23960103,Available,PARK ROYAL HOSPITAL,18
LEE,23960103,Available Capacity,PARK ROYAL HOSPITAL,0.157894737
LEE,23960103,Total Staffed Bed Capacity,PARK ROYAL HOSPITAL,114
LEE,23960107,Bed Census,SELECT SPECIALTY HOSPITAL-FORT MYERS,36
LEE,23960107,Available,SELECT SPECIALTY HOSPITAL-FORT MYERS,24
LEE,23960107,Available Capacity,SELECT SPECIALTY HOSPITAL-FORT MYERS,0.4
LEE,23960107,Total Staffed Bed Capacity,SELECT SPECIALTY HOSPITAL-FORT MYERS,60
LEON,100135,Bed Census,TALLAHASSEE MEMORIAL HOSPITAL,406
LEON,100135,Available,TALLAHASSEE MEMORIAL HOSPITAL,81
LEON,100135,Available Capacity,TALLAHASSEE MEMORIAL HOSPITAL,0.166324435
LEON,100135,Total Staffed Bed Capacity,TALLAHASSEE MEMORIAL HOSPITAL,487
LEON,100254,Bed Census,CAPITAL REGIONAL MEDICAL CENTER,207
LEON,100254,Available,CAPITAL REGIONAL MEDICAL CENTER,63
LEON,100254,Available Capacity,CAPITAL REGIONAL MEDICAL CENTER,0.233333333
LEON,100254,Total Staffed Bed Capacity,CAPITAL REGIONAL MEDICAL CENTER,270
LEON,110021,Bed Census,ENCOMPASS HEALTH REHABILITATION HOSPITAL OF TALLAHASSEE,42
LEON,110021,Available,ENCOMPASS HEALTH REHABILITATION HOSPITAL OF TALLAHASSEE,18
LEON,110021,Available Capacity,ENCOMPASS HEALTH REHABILITATION HOSPITAL OF TALLAHASSEE,0.3
LEON,110021,Total Staffed Bed Capacity,ENCOMPASS HEALTH REHABILITATION HOSPITAL OF TALLAHASSEE,60
LEON,110044,Bed Census,EASTSIDE PSYCHIATRIC HOSPITAL,19
LEON,110044,Available,EASTSIDE PSYCHIATRIC HOSPITAL,13
LEON,110044,Available Capacity,EASTSIDE PSYCHIATRIC HOSPITAL,0.40625
LEON,110044,Total Staffed Bed Capacity,EASTSIDE PSYCHIATRIC HOSPITAL,32
LEON,23960059,Bed Census,SELECT SPECIALTY HOSPITAL - TALLAHASSEE,38
LEON,23960059,Available,SELECT SPECIALTY HOSPITAL - TALLAHASSEE,10
LEON,23960059,Available Capacity,SELECT SPECIALTY HOSPITAL - TALLAHASSEE,0.208333333
LEON,23960059,Total Staffed Bed Capacity,SELECT SPECIALTY HOSPITAL - TALLAHASSEE,48
MADISON,100004,Bed Census,MADISON COUNTY MEMORIAL HOSPITAL,7
MADISON,100004,Available,MADISON COUNTY MEMORIAL HOSPITAL,8
MADISON,100004,Available Capacity,MADISON COUNTY MEMORIAL HOSPITAL,0.533333333
MADISON,100004,Total Staffed Bed Capacity,MADISON COUNTY MEMORIAL HOSPITAL,15
MANATEE,100035,Bed Census,MANATEE MEMORIAL HOSPITAL,280
MANATEE,100035,Available,MANATEE MEMORIAL HOSPITAL,27
MANATEE,100035,Available Capacity,MANATEE MEMORIAL HOSPITAL,0.087947883
MANATEE,100035,Total Staffed Bed Capacity,MANATEE MEMORIAL HOSPITAL,307
MANATEE,100213,Bed Census,BLAKE MEDICAL CENTER,274
MANATEE,100213,Available,BLAKE MEDICAL CENTER,28
MANATEE,100213,Available Capacity,BLAKE MEDICAL CENTER,0.092715232
MANATEE,100213,Total Staffed Bed Capacity,BLAKE MEDICAL CENTER,302
MANATEE,110028,Bed Census,CENTERSTONE OF FLORIDA,25
MANATEE,110028,Available,CENTERSTONE OF FLORIDA,8
MANATEE,110028,Available Capacity,CENTERSTONE OF FLORIDA,0.242424242
MANATEE,110028,Total Staffed Bed Capacity,CENTERSTONE OF FLORIDA,33
MANATEE,110049,Bed Census,SUNCOAST BEHAVIORAL HEALTH CENTER,37
MANATEE,110049,Available,SUNCOAST BEHAVIORAL HEALTH CENTER,23
MANATEE,110049,Available Capacity,SUNCOAST BEHAVIORAL HEALTH CENTER,0.383333333
MANATEE,110049,Total Staffed Bed Capacity,SUNCOAST BEHAVIORAL HEALTH CENTER,60
MANATEE,23960046,Bed Census,LAKEWOOD RANCH MEDICAL CENTER,93
MANATEE,23960046,Available,LAKEWOOD RANCH MEDICAL CENTER,15
MANATEE,23960046,Available Capacity,LAKEWOOD RANCH MEDICAL CENTER,0.138888889
MANATEE,23960046,Total Staffed Bed Capacity,LAKEWOOD RANCH MEDICAL CENTER,108
MARION,100062,Bed Census,ADVENTHEALTH OCALA,264
MARION,100062,Available,ADVENTHEALTH OCALA,8
MARION,100062,Available Capacity,ADVENTHEALTH OCALA,0.029411765
MARION,100062,Total Staffed Bed Capacity,ADVENTHEALTH OCALA,272
MARION,100212,Bed Census,OCALA REGIONAL MEDICAL CENTER,251
MARION,100212,Available,OCALA REGIONAL MEDICAL CENTER,5
MARION,100212,Available Capacity,OCALA REGIONAL MEDICAL CENTER,0.01953125
MARION,100212,Total Staffed Bed Capacity,OCALA REGIONAL MEDICAL CENTER,256
MARION,23960039,Bed Census,WEST MARION COMMUNITY HOSPITAL,141
MARION,23960039,Available,WEST MARION COMMUNITY HOSPITAL,45
MARION,23960039,Available Capacity,WEST MARION COMMUNITY HOSPITAL,0.241935484
MARION,23960039,Total Staffed Bed Capacity,WEST MARION COMMUNITY HOSPITAL,186
MARION,23960060,Bed Census,KINDRED HOSPITAL OCALA,17
MARION,23960060,Available,KINDRED HOSPITAL OCALA,0
MARION,23960060,Available Capacity,KINDRED HOSPITAL OCALA,0
MARION,23960060,Total Staffed Bed Capacity,KINDRED HOSPITAL OCALA,17
MARION,23960073,Bed Census,THE VINES HOSPITAL,55
MARION,23960073,Available,THE VINES HOSPITAL,43
MARION,23960073,Available Capacity,THE VINES HOSPITAL,0.438775510
MARION,23960073,Total Staffed Bed Capacity,THE VINES HOSPITAL,98
MARION,23960109,Bed Census,ENCOMPASS HEALTH REHABILITATION HOSPITAL OF OCALA,40
MARION,23960109,Available,ENCOMPASS HEALTH REHABILITATION HOSPITAL OF OCALA,30
MARION,23960109,Available Capacity,ENCOMPASS HEALTH REHABILITATION HOSPITAL OF OCALA,0.428571429
MARION,23960109,Total Staffed Bed Capacity,ENCOMPASS HEALTH REHABILITATION HOSPITAL OF OCALA,70
MARTIN,100044,Bed Census,CLEVELAND CLINIC MARTIN NORTH HOSPITAL,133
MARTIN,100044,Available,CLEVELAND CLINIC MARTIN NORTH HOSPITAL,113
MARTIN,100044,Available Capacity,CLEVELAND CLINIC MARTIN NORTH HOSPITAL,0.459349593
MARTIN,100044,Total Staffed Bed Capacity,CLEVELAND CLINIC MARTIN NORTH HOSPITAL,246
MARTIN,120009,Bed Census,CLEVELAND CLINIC MARTIN SOUTH HOSPITAL,49
MARTIN,120009,Available,CLEVELAND CLINIC MARTIN SOUTH HOSPITAL,51
MARTIN,120009,Available Capacity,CLEVELAND CLINIC MARTIN SOUTH HOSPITAL,0.51
MARTIN,120009,Total Staffed Bed Capacity,CLEVELAND CLINIC MARTIN SOUTH HOSPITAL,100
MARTIN,23960112,Bed Census,ENCOMPASS HEALTH REHAB HOSPITAL AN AFFILIATE OF MARTIN HEALTH,64
MARTIN,23960112,Available,ENCOMPASS HEALTH REHAB HOSPITAL AN AFFILIATE OF MARTIN HEALTH,0
MARTIN,23960112,Available Capacity,ENCOMPASS HEALTH REHAB HOSPITAL AN AFFILIATE OF MARTIN HEALTH,0
MARTIN,23960112,Total Staffed Bed Capacity,ENCOMPASS HEALTH REHAB HOSPITAL AN AFFILIATE OF MARTIN HEALTH,64
MARTIN,23960125,Bed Census,CORAL SHORES BEHAVIORAL HEALTH,21
MARTIN,23960125,Available,CORAL SHORES BEHAVIORAL HEALTH,59
MARTIN,23960125,Available Capacity,CORAL SHORES BEHAVIORAL HEALTH,0.7375
MARTIN,23960125,Total Staffed Bed Capacity,CORAL SHORES BEHAVIORAL HEALTH,80
MIAMI-DADE,100008,Bed Census,BAPTIST HOSPITAL OF MIAMI,642
MIAMI-DADE,100008,Available,BAPTIST HOSPITAL OF MIAMI,125
MIAMI-DADE,100008,Available Capacity,BAPTIST HOSPITAL OF MIAMI,0.162972621
MIAMI-DADE,100008,Total Staffed Bed Capacity,BAPTIST HOSPITAL OF MIAMI,767
MIAMI-DADE,100009,Bed Census,UNIVERSITY OF MIAMI HOSPITAL AND CLINICS-UHEALTH TOWER,357
MIAMI-DADE,100009,Available,UNIVERSITY OF MIAMI HOSPITAL AND CLINICS-UHEALTH TOWER,27
MIAMI-DADE,100009,Available Capacity,UNIVERSITY OF MIAMI HOSPITAL AND CLINICS-UHEALTH TOWER,0.0703125
MIAMI-DADE,100009,Total Staffed Bed Capacity,UNIVERSITY OF MIAMI HOSPITAL AND CLINICS-UHEALTH TOWER,384
MIAMI-DADE,100020,Bed Census,DOCTORS HOSPITAL,128
MIAMI-DADE,100020,Available,DOCTORS HOSPITAL,5
MIAMI-DADE,100020,Available Capacity,DOCTORS HOSPITAL,0.037593985
MIAMI-DADE,100020,Total Staffed Bed Capacity,DOCTORS HOSPITAL,133
MIAMI-DADE,100022,Bed Census,JACKSON MEMORIAL HOSPITAL,"1,349"
MIAMI-DADE,100022,Available,JACKSON MEMORIAL HOSPITAL,438
MIAMI-DADE,100022,Available Capacity,JACKSON MEMORIAL HOSPITAL,0.245103525
MIAMI-DADE,100022,Total Staffed Bed Capacity,JACKSON MEMORIAL HOSPITAL,"1,787"
MIAMI-DADE,100029,Bed Census,NORTH SHORE MEDICAL CENTER,263
MIAMI-DADE,100029,Available,NORTH SHORE MEDICAL CENTER,36
MIAMI-DADE,100029,Available Capacity,NORTH SHORE MEDICAL CENTER,0.120401338
MIAMI-DADE,100029,Total Staffed Bed Capacity,NORTH SHORE MEDICAL CENTER,299
MIAMI-DADE,100034,Bed Census,MOUNT SINAI MEDICAL CENTER,408
MIAMI-DADE,100034,Available,MOUNT SINAI MEDICAL CENTER,136
MIAMI-DADE,100034,Available Capacity,MOUNT SINAI MEDICAL CENTER,0.25
MIAMI-DADE,100034,Total Staffed Bed Capacity,MOUNT SINAI MEDICAL CENTER,544
MIAMI-DADE,100050,Bed Census,LARKIN COMMUNITY HOSPITAL PALM SPRINGS CAMPUS,153
MIAMI-DADE,100050,Available,LARKIN COMMUNITY HOSPITAL PALM SPRINGS CAMPUS,33
MIAMI-DADE,100050,Available Capacity,LARKIN COMMUNITY HOSPITAL PALM SPRINGS CAMPUS,0.177419355
MIAMI-DADE,100050,Total Staffed Bed Capacity,LARKIN COMMUNITY HOSPITAL PALM SPRINGS CAMPUS,186
MIAMI-DADE,100053,Bed Census,HIALEAH HOSPITAL,216
MIAMI-DADE,100053,Available,HIALEAH HOSPITAL,46
MIAMI-DADE,100053,Available Capacity,HIALEAH HOSPITAL,0.175572519
MIAMI-DADE,100053,Total Staffed Bed Capacity,HIALEAH HOSPITAL,262
MIAMI-DADE,100061,Bed Census,"MERCY HOSPITAL, A CAMPUS OF PLANTATION GENERAL HOSPITAL",320
MIAMI-DADE,100061,Available,"MERCY HOSPITAL, A CAMPUS OF PLANTATION GENERAL HOSPITAL",155
MIAMI-DADE,100061,Available Capacity,"MERCY HOSPITAL, A CAMPUS OF PLANTATION GENERAL HOSPITAL",0.326315789
MIAMI-DADE,100061,Total Staffed Bed Capacity,"MERCY HOSPITAL, A CAMPUS OF PLANTATION GENERAL HOSPITAL",475
MIAMI-DADE,100076,Bed Census,VARIETY CHILDREN'S HOSPITAL,0
MIAMI-DADE,100076,Available,VARIETY CHILDREN'S HOSPITAL,0
MIAMI-DADE,100076,Available Capacity,VARIETY CHILDREN'S HOSPITAL,
MIAMI-DADE,100076,Total Staffed Bed Capacity,VARIETY CHILDREN'S HOSPITAL,0
MIAMI-DADE,100079,Bed Census,UNIVERSITY OF MIAMI HOSPITAL AND CLINICS-SYLVESTER COMPREHENSIVE,34
MIAMI-DADE,100079,Available,UNIVERSITY OF MIAMI HOSPITAL AND CLINICS-SYLVESTER COMPREHENSIVE,6
MIAMI-DADE,100079,Available Capacity,UNIVERSITY OF MIAMI HOSPITAL AND CLINICS-SYLVESTER COMPREHENSIVE,0.15
MIAMI-DADE,100079,Total Staffed Bed Capacity,UNIVERSITY OF MIAMI HOSPITAL AND CLINICS-SYLVESTER COMPREHENSIVE,40
MIAMI-DADE,100114,Bed Census,JACKSON NORTH MEDICAL CENTER,252
MIAMI-DADE,100114,Available,JACKSON NORTH MEDICAL CENTER,45
MIAMI-DADE,100114,Available Capacity,JACKSON NORTH MEDICAL CENTER,0.151515152
MIAMI-DADE,100114,Total Staffed Bed Capacity,JACKSON NORTH MEDICAL CENTER,297
MIAMI-DADE,100125,Bed Census,HOMESTEAD HOSPITAL,148
MIAMI-DADE,100125,Available,HOMESTEAD HOSPITAL,7
MIAMI-DADE,100125,Available Capacity,HOMESTEAD HOSPITAL,0.045161290
MIAMI-DADE,100125,Total Staffed Bed Capacity,HOMESTEAD HOSPITAL,155
MIAMI-DADE,100131,Bed Census,AVENTURA HOSPITAL AND MEDICAL CENTER,349
MIAMI-DADE,100131,Available,AVENTURA HOSPITAL AND MEDICAL CENTER,53
MIAMI-DADE,100131,Available Capacity,AVENTURA HOSPITAL AND MEDICAL CENTER,0.131840796
MIAMI-DADE,100131,Total Staffed Bed Capacity,AVENTURA HOSPITAL AND MEDICAL CENTER,402
MIAMI-DADE,100152,Bed Census,KINDRED HOSPITAL-SOUTH FLORIDA-CORAL GABLES,55
MIAMI-DADE,100152,Available,KINDRED HOSPITAL-SOUTH FLORIDA-CORAL GABLES,6
MIAMI-DADE,100152,Available Capacity,KINDRED HOSPITAL-SOUTH FLORIDA-CORAL GABLES,0.098360656
MIAMI-DADE,100152,Total Staffed Bed Capacity,KINDRED HOSPITAL-SOUTH FLORIDA-CORAL GABLES,61
MIAMI-DADE,100154,Bed Census,SOUTH MIAMI HOSPITAL,371
MIAMI-DADE,100154,Available,SOUTH MIAMI HOSPITAL,82
MIAMI-DADE,100154,Available Capacity,SOUTH MIAMI HOSPITAL,0.181015453
MIAMI-DADE,100154,Total Staffed Bed Capacity,SOUTH MIAMI HOSPITAL,453
MIAMI-DADE,100165,Bed Census,WESTCHESTER GENERAL HOSPITAL,68
MIAMI-DADE,100165,Available,WESTCHESTER GENERAL HOSPITAL,22
MIAMI-DADE,100165,Available Capacity,WESTCHESTER GENERAL HOSPITAL,0.244444444
MIAMI-DADE,100165,Total Staffed Bed Capacity,WESTCHESTER GENERAL HOSPITAL,90
MIAMI-DADE,100181,Bed Census,LARKIN COMMUNITY HOSPITAL,97
MIAMI-DADE,100181,Available,LARKIN COMMUNITY HOSPITAL,25
MIAMI-DADE,100181,Available Capacity,LARKIN COMMUNITY HOSPITAL,0.204918033
MIAMI-DADE,100181,Total Staffed Bed Capacity,LARKIN COMMUNITY HOSPITAL,122
MIAMI-DADE,100183,Bed Census,CORAL GABLES HOSPITAL,119
MIAMI-DADE,100183,Available,CORAL GABLES HOSPITAL,8
MIAMI-DADE,100183,Available Capacity,CORAL GABLES HOSPITAL,0.062992126
MIAMI-DADE,100183,Total Staffed Bed Capacity,CORAL GABLES HOSPITAL,127
MIAMI-DADE,100187,Bed Census,PALMETTO GENERAL HOSPITAL,244
MIAMI-DADE,100187,Available,PALMETTO GENERAL HOSPITAL,127
MIAMI-DADE,100187,Available Capacity,PALMETTO GENERAL HOSPITAL,0.342318059
MIAMI-DADE,100187,Total Staffed Bed Capacity,PALMETTO GENERAL HOSPITAL,371
MIAMI-DADE,100197,Bed Census,DOUGLAS GARDENS HOSPITAL,19
MIAMI-DADE,100197,Available,DOUGLAS GARDENS HOSPITAL,13
MIAMI-DADE,100197,Available Capacity,DOUGLAS GARDENS HOSPITAL,0.40625
MIAMI-DADE,100197,Total Staffed Bed Capacity,DOUGLAS GARDENS HOSPITAL,32
MIAMI-DADE,100208,Bed Census,JACKSON SOUTH MEDICAL CENTER,213
MIAMI-DADE,100208,Available,JACKSON SOUTH MEDICAL CENTER,36
MIAMI-DADE,100208,Available Capacity,JACKSON SOUTH MEDICAL CENTER,0.144578313
MIAMI-DADE,100208,Total Staffed Bed Capacity,JACKSON SOUTH MEDICAL CENTER,249
MIAMI-DADE,100209,Bed Census,KENDALL REGIONAL MEDICAL CENTER,375
MIAMI-DADE,100209,Available,KENDALL REGIONAL MEDICAL CENTER,68
MIAMI-DADE,100209,Available Capacity,KENDALL REGIONAL MEDICAL CENTER,0.153498871
MIAMI-DADE,100209,Total Staffed Bed Capacity,KENDALL REGIONAL MEDICAL CENTER,443
MIAMI-DADE,100240,Bed Census,UNIVERSITY OF MIAMI HOSPITAL AND CLINICS-BASCOM PALMER EYE INST,0
MIAMI-DADE,100240,Available,UNIVERSITY OF MIAMI HOSPITAL AND CLINICS-BASCOM PALMER EYE INST,0
MIAMI-DADE,100240,Available Capacity,UNIVERSITY OF MIAMI HOSPITAL AND CLINICS-BASCOM PALMER EYE INST,
MIAMI-DADE,100240,Total Staffed Bed Capacity,UNIVERSITY OF MIAMI HOSPITAL AND CLINICS-BASCOM PALMER EYE INST,0
MIAMI-DADE,103004,Bed Census,ST CATHERINE'S REHABILITATION HOSPITAL,8
MIAMI-DADE,103004,Available,ST CATHERINE'S REHABILITATION HOSPITAL,14
MIAMI-DADE,103004,Available Capacity,ST CATHERINE'S REHABILITATION HOSPITAL,0.636363636
MIAMI-DADE,103004,Total Staffed Bed Capacity,ST CATHERINE'S REHABILITATION HOSPITAL,22
MIAMI-DADE,103038,Bed Census,ENCOMPASS HEALTH REHABILITATION HOSPITAL OF MIAMI,28
MIAMI-DADE,103038,Available,ENCOMPASS HEALTH REHABILITATION HOSPITAL OF MIAMI,32
MIAMI-DADE,103038,Available Capacity,ENCOMPASS HEALTH REHABILITATION HOSPITAL OF MIAMI,0.533333333
MIAMI-DADE,103038,Total Staffed Bed Capacity,ENCOMPASS HEALTH REHABILITATION HOSPITAL OF MIAMI,60
MIAMI-DADE,110040,Bed Census,SOUTHERN WINDS,71
MIAMI-DADE,110040,Available,SOUTHERN WINDS,1
MIAMI-DADE,110040,Available Capacity,SOUTHERN WINDS,0.013888889
MIAMI-DADE,110040,Total Staffed Bed Capacity,SOUTHERN WINDS,72
MIAMI-DADE,110041,Bed Census,WEST GABLES REHABILITATION HOSPITAL,55
MIAMI-DADE,110041,Available,WEST GABLES REHABILITATION HOSPITAL,0
MIAMI-DADE,110041,Available Capacity,WEST GABLES REHABILITATION HOSPITAL,0
MIAMI-DADE,110041,Total Staffed Bed Capacity,WEST GABLES REHABILITATION HOSPITAL,55
MIAMI-DADE,110199,Bed Census,NICKLAUS CHILDREN'S HOSPITAL,174
MIAMI-DADE,110199,Available,NICKLAUS CHILDREN'S HOSPITAL,107
MIAMI-DADE,110199,Available Capacity,NICKLAUS CHILDREN'S HOSPITAL,0.380782918
MIAMI-DADE,110199,Total Staffed Bed Capacity,NICKLAUS CHILDREN'S HOSPITAL,281
MIAMI-DADE,120014,Bed Census,SOUTH FLORIDA EVALUATION AND TREATMENT CENTER,191
MIAMI-DADE,120014,Available,SOUTH FLORIDA EVALUATION AND TREATMENT CENTER,0
MIAMI-DADE,120014,Available Capacity,SOUTH FLORIDA EVALUATION AND TREATMENT CENTER,0
MIAMI-DADE,120014,Total Staffed Bed Capacity,SOUTH FLORIDA EVALUATION AND TREATMENT CENTER,191
MIAMI-DADE,23960028,Bed Census,SELECT SPECIALTY HOSPITAL-MIAMI,42
MIAMI-DADE,23960028,Available,SELECT SPECIALTY HOSPITAL-MIAMI,5
MIAMI-DADE,23960028,Available Capacity,SELECT SPECIALTY HOSPITAL-MIAMI,0.106382979
MIAMI-DADE,23960028,Total Staffed Bed Capacity,SELECT SPECIALTY HOSPITAL-MIAMI,47
MIAMI-DADE,23960064,Bed Census,WEST KENDALL BAPTIST HOSPITAL,140
MIAMI-DADE,23960064,Available,WEST KENDALL BAPTIST HOSPITAL,9
MIAMI-DADE,23960064,Available Capacity,WEST KENDALL BAPTIST HOSPITAL,0.060402685
MIAMI-DADE,23960064,Total Staffed Bed Capacity,WEST KENDALL BAPTIST HOSPITAL,149
MIAMI-DADE,23960094,Bed Census,SELECT SPECIALTY HOSPITAL-MIAMI LAKES,60
MIAMI-DADE,23960094,Available,SELECT SPECIALTY HOSPITAL-MIAMI LAKES,0
MIAMI-DADE,23960094,Available Capacity,SELECT SPECIALTY HOSPITAL-MIAMI LAKES,0
MIAMI-DADE,23960094,Total Staffed Bed Capacity,SELECT SPECIALTY HOSPITAL-MIAMI LAKES,60
MIAMI-DADE,23960097,Bed Census,ST CATHERINE'S WEST REHABILITATION HOSPITAL,21
MIAMI-DADE,23960097,Available,ST CATHERINE'S WEST REHABILITATION HOSPITAL,19
MIAMI-DADE,23960097,Available Capacity,ST CATHERINE'S WEST REHABILITATION HOSPITAL,0.475
MIAMI-DADE,23960097,Total Staffed Bed Capacity,ST CATHERINE'S WEST REHABILITATION HOSPITAL,40
MONROE,100024,Bed Census,FISHERMEN'S COMMUNITY HOSPITAL,0
MONROE,100024,Available,FISHERMEN'S COMMUNITY HOSPITAL,0
MONROE,100024,Available Capacity,FISHERMEN'S COMMUNITY HOSPITAL,
MONROE,100024,Total Staffed Bed Capacity,FISHERMEN'S COMMUNITY HOSPITAL,0
MONROE,100150,Bed Census,DEPOO HOSPITAL,17
MONROE,100150,Available,DEPOO HOSPITAL,6
MONROE,100150,Available Capacity,DEPOO HOSPITAL,0.260869565
MONROE,100150,Total Staffed Bed Capacity,DEPOO HOSPITAL,23
MONROE,100160,Bed Census,MARINERS HOSPITAL,16
MONROE,100160,Available,MARINERS HOSPITAL,9
MONROE,100160,Available Capacity,MARINERS HOSPITAL,0.36
MONROE,100160,Total Staffed Bed Capacity,MARINERS HOSPITAL,25
MONROE,100195,Bed Census,LOWER KEYS MEDICAL CENTER,62
MONROE,100195,Available,LOWER KEYS MEDICAL CENTER,6
MONROE,100195,Available Capacity,LOWER KEYS MEDICAL CENTER,0.088235294
MONROE,100195,Total Staffed Bed Capacity,LOWER KEYS MEDICAL CENTER,68
NASSAU,100140,Bed Census,BAPTIST MEDICAL CENTER NASSAU,48
NASSAU,100140,Available,BAPTIST MEDICAL CENTER NASSAU,38
NASSAU,100140,Available Capacity,BAPTIST MEDICAL CENTER NASSAU,0.441860465
NASSAU,100140,Total Staffed Bed Capacity,BAPTIST MEDICAL CENTER NASSAU,86
OKALOOSA,100054,Bed Census,TWIN CITIES HOSPITAL,39
OKALOOSA,100054,Available,TWIN CITIES HOSPITAL,4
OKALOOSA,100054,Available Capacity,TWIN CITIES HOSPITAL,0.093023256
OKALOOSA,100054,Total Staffed Bed Capacity,TWIN CITIES HOSPITAL,43
OKALOOSA,100122,Bed Census,NORTH OKALOOSA MEDICAL CENTER,71
OKALOOSA,100122,Available,NORTH OKALOOSA MEDICAL CENTER,42
OKALOOSA,100122,Available Capacity,NORTH OKALOOSA MEDICAL CENTER,0.371681416
OKALOOSA,100122,Total Staffed Bed Capacity,NORTH OKALOOSA MEDICAL CENTER,113
OKALOOSA,100223,Bed Census,FORT WALTON BEACH MEDICAL CENTER,222
OKALOOSA,100223,Available,FORT WALTON BEACH MEDICAL CENTER,15
OKALOOSA,100223,Available Capacity,FORT WALTON BEACH MEDICAL CENTER,0.063291139
OKALOOSA,100223,Total Staffed Bed Capacity,FORT WALTON BEACH MEDICAL CENTER,237
OKALOOSA,111520,Bed Census,GULF COAST TREATMENT CENTER,28
OKALOOSA,111520,Available,GULF COAST TREATMENT CENTER,0
OKALOOSA,111520,Available Capacity,GULF COAST TREATMENT CENTER,0
OKALOOSA,111520,Total Staffed Bed Capacity,GULF COAST TREATMENT CENTER,28
OKALOOSA,23960106,Bed Census,"REHABILITATION INSTITUTE OF NORTHWEST FLORIDA, THE",14
OKALOOSA,23960106,Available,"REHABILITATION INSTITUTE OF NORTHWEST FLORIDA, THE",16
OKALOOSA,23960106,Available Capacity,"REHABILITATION INSTITUTE OF NORTHWEST FLORIDA, THE",0.533333333
OKALOOSA,23960106,Total Staffed Bed Capacity,"REHABILITATION INSTITUTE OF NORTHWEST FLORIDA, THE",30
OKEECHOBEE,100252,Bed Census,RAULERSON HOSPITAL,62
OKEECHOBEE,100252,Available,RAULERSON HOSPITAL,38
OKEECHOBEE,100252,Available Capacity,RAULERSON HOSPITAL,0.38
OKEECHOBEE,100252,Total Staffed Bed Capacity,RAULERSON HOSPITAL,100
ORANGE,100006,Bed Census,ORLANDO HEALTH ORLANDO REGIONAL MEDICAL CENTER,635
ORANGE,100006,Available,ORLANDO HEALTH ORLANDO REGIONAL MEDICAL CENTER,159
ORANGE,100006,Available Capacity,ORLANDO HEALTH ORLANDO REGIONAL MEDICAL CENTER,0.200251889
ORANGE,100006,Total Staffed Bed Capacity,ORLANDO HEALTH ORLANDO REGIONAL MEDICAL CENTER,794
ORANGE,100007,Bed Census,ADVENTHEALTH ORLANDO,971
ORANGE,100007,Available,ADVENTHEALTH ORLANDO,361
ORANGE,100007,Available Capacity,ADVENTHEALTH ORLANDO,0.271021021
ORANGE,100007,Total Staffed Bed Capacity,ADVENTHEALTH ORLANDO,"1,332"
ORANGE,100021,Bed Census,ADVENTHEALTH EAST ORLANDO,249
ORANGE,100021,Available,ADVENTHEALTH EAST ORLANDO,46
ORANGE,100021,Available Capacity,ADVENTHEALTH EAST ORLANDO,0.155932203
ORANGE,100021,Total Staffed Bed Capacity,ADVENTHEALTH EAST ORLANDO,295
ORANGE,100030,Bed Census,ORLANDO HEALTH - HEALTH CENTRAL HOSPITAL,236
ORANGE,100030,Available,ORLANDO HEALTH - HEALTH CENTRAL HOSPITAL,8
ORANGE,100030,Available Capacity,ORLANDO HEALTH - HEALTH CENTRAL HOSPITAL,0.032786885
ORANGE,100030,Total Staffed Bed Capacity,ORLANDO HEALTH - HEALTH CENTRAL HOSPITAL,244
ORANGE,100129,Bed Census,ASPIRE HEALTH PARTNERS,31
ORANGE,100129,Available,ASPIRE HEALTH PARTNERS,0
ORANGE,100129,Available Capacity,ASPIRE HEALTH PARTNERS,0
ORANGE,100129,Total Staffed Bed Capacity,ASPIRE HEALTH PARTNERS,31
ORANGE,100162,Bed Census,ADVENTHEALTH WINTER PARK,234
ORANGE,100162,Available,ADVENTHEALTH WINTER PARK,188
ORANGE,100162,Available Capacity,ADVENTHEALTH WINTER PARK,0.445497630
ORANGE,100162,Total Staffed Bed Capacity,ADVENTHEALTH WINTER PARK,422
ORANGE,110047,Bed Census,UNIVERSITY BEHAVIORAL CENTER,83
ORANGE,110047,Available,UNIVERSITY BEHAVIORAL CENTER,37
ORANGE,110047,Available Capacity,UNIVERSITY BEHAVIORAL CENTER,0.308333333
ORANGE,110047,Total Staffed Bed Capacity,UNIVERSITY BEHAVIORAL CENTER,120
ORANGE,110051,Bed Census,LA AMISTAD RESIDENTIAL TREATMENT CENTER,27
ORANGE,110051,Available,LA AMISTAD RESIDENTIAL TREATMENT CENTER,0
ORANGE,110051,Available Capacity,LA AMISTAD RESIDENTIAL TREATMENT CENTER,0
ORANGE,110051,Total Staffed Bed Capacity,LA AMISTAD RESIDENTIAL TREATMENT CENTER,27
ORANGE,120001,Bed Census,ARNOLD PALMER MEDICAL CENTER,336
ORANGE,120001,Available,ARNOLD PALMER MEDICAL CENTER,125
ORANGE,120001,Available Capacity,ARNOLD PALMER MEDICAL CENTER,0.271149675
ORANGE,120001,Total Staffed Bed Capacity,ARNOLD PALMER MEDICAL CENTER,461
ORANGE,120002,Bed Census,ORLANDO HEALTH DR P PHILLIPS HOSPITAL,254
ORANGE,120002,Available,ORLANDO HEALTH DR P PHILLIPS HOSPITAL,8
ORANGE,120002,Available Capacity,ORLANDO HEALTH DR P PHILLIPS HOSPITAL,0.030534351
ORANGE,120002,Total Staffed Bed Capacity,ORLANDO HEALTH DR P PHILLIPS HOSPITAL,262
ORANGE,120003,Bed Census,ADVENTHEALTH APOPKA,103
ORANGE,120003,Available,ADVENTHEALTH APOPKA,17
ORANGE,120003,Available Capacity,ADVENTHEALTH APOPKA,0.141666667
ORANGE,120003,Total Staffed Bed Capacity,ADVENTHEALTH APOPKA,120
ORANGE,23960043,Bed Census,SELECT SPECIALTY HOSPITAL - ORLANDO (NORTH CAMPUS),28
ORANGE,23960043,Available,SELECT SPECIALTY HOSPITAL - ORLANDO (NORTH CAMPUS),7
ORANGE,23960043,Available Capacity,SELECT SPECIALTY HOSPITAL - ORLANDO (NORTH CAMPUS),0.2
ORANGE,23960043,Total Staffed Bed Capacity,SELECT SPECIALTY HOSPITAL - ORLANDO (NORTH CAMPUS),35
ORANGE,23960068,Bed Census,SELECT SPECIALTY HOSPITAL - ORLANDO (SOUTH CAMPUS),63
ORANGE,23960068,Available,SELECT SPECIALTY HOSPITAL - ORLANDO (SOUTH CAMPUS),1
ORANGE,23960068,Available Capacity,SELECT SPECIALTY HOSPITAL - ORLANDO (SOUTH CAMPUS),0.015625
ORANGE,23960068,Total Staffed Bed Capacity,SELECT SPECIALTY HOSPITAL - ORLANDO (SOUTH CAMPUS),64
ORANGE,23960083,Bed Census,CENTRAL FLORIDA BEHAVIORAL HOSPITAL,125
ORANGE,23960083,Available,CENTRAL FLORIDA BEHAVIORAL HOSPITAL,0
ORANGE,23960083,Available Capacity,CENTRAL FLORIDA BEHAVIORAL HOSPITAL,0
ORANGE,23960083,Total Staffed Bed Capacity,CENTRAL FLORIDA BEHAVIORAL HOSPITAL,125
ORANGE,23960096,Bed Census,NEMOURS CHILDREN'S HOSPITAL,72
ORANGE,23960096,Available,NEMOURS CHILDREN'S HOSPITAL,17
ORANGE,23960096,Available Capacity,NEMOURS CHILDREN'S HOSPITAL,0.191011236
ORANGE,23960096,Total Staffed Bed Capacity,NEMOURS CHILDREN'S HOSPITAL,89
OSCEOLA,100074,Bed Census,ST CLOUD REGIONAL MEDICAL CENTER,66
OSCEOLA,100074,Available,ST CLOUD REGIONAL MEDICAL CENTER,35
OSCEOLA,100074,Available Capacity,ST CLOUD REGIONAL MEDICAL CENTER,0.346534653
OSCEOLA,100074,Total Staffed Bed Capacity,ST CLOUD REGIONAL MEDICAL CENTER,101
OSCEOLA,100089,Bed Census,ADVENTHEALTH KISSIMMEE,131
OSCEOLA,100089,Available,ADVENTHEALTH KISSIMMEE,39
OSCEOLA,100089,Available Capacity,ADVENTHEALTH KISSIMMEE,0.229411765
OSCEOLA,100089,Total Staffed Bed Capacity,ADVENTHEALTH KISSIMMEE,170
OSCEOLA,100110,Bed Census,OSCEOLA REGIONAL MEDICAL CENTER,328
OSCEOLA,100110,Available,OSCEOLA REGIONAL MEDICAL CENTER,94
OSCEOLA,100110,Available Capacity,OSCEOLA REGIONAL MEDICAL CENTER,0.222748815
OSCEOLA,100110,Total Staffed Bed Capacity,OSCEOLA REGIONAL MEDICAL CENTER,422
OSCEOLA,23960017,Bed Census,ADVENTHEALTH CELEBRATION,160
OSCEOLA,23960017,Available,ADVENTHEALTH CELEBRATION,157
OSCEOLA,23960017,Available Capacity,ADVENTHEALTH CELEBRATION,0.495268139
OSCEOLA,23960017,Total Staffed Bed Capacity,ADVENTHEALTH CELEBRATION,317
OSCEOLA,23960111,Bed Census,POINCIANA MEDICAL CENTER,70
OSCEOLA,23960111,Available,POINCIANA MEDICAL CENTER,6
OSCEOLA,23960111,Available Capacity,POINCIANA MEDICAL CENTER,0.078947368
OSCEOLA,23960111,Total Staffed Bed Capacity,POINCIANA MEDICAL CENTER,76
OSCEOLA,23960129,Bed Census,BLACKBERRY CENTER,61
OSCEOLA,23960129,Available,BLACKBERRY CENTER,3
OSCEOLA,23960129,Available Capacity,BLACKBERRY CENTER,0.046875
OSCEOLA,23960129,Total Staffed Bed Capacity,BLACKBERRY CENTER,64
PALM BEACH,100002,Bed Census,BETHESDA HOSPITAL EAST,273
PALM BEACH,100002,Available,BETHESDA HOSPITAL EAST,116
PALM BEACH,100002,Available Capacity,BETHESDA HOSPITAL EAST,0.298200514
PALM BEACH,100002,Total Staffed Bed Capacity,BETHESDA HOSPITAL EAST,389
PALM BEACH,100010,Bed Census,ST MARY'S MEDICAL CENTER,422
PALM BEACH,100010,Available,ST MARY'S MEDICAL CENTER,126
PALM BEACH,100010,Available Capacity,ST MARY'S MEDICAL CENTER,0.229927007
PALM BEACH,100010,Total Staffed Bed Capacity,ST MARY'S MEDICAL CENTER,548
PALM BEACH,100080,Bed Census,JFK MEDICAL CENTER,387
PALM BEACH,100080,Available,JFK MEDICAL CENTER,176
PALM BEACH,100080,Available Capacity,JFK MEDICAL CENTER,0.312611012
PALM BEACH,100080,Total Staffed Bed Capacity,JFK MEDICAL CENTER,563
PALM BEACH,100130,Bed Census,LAKESIDE MEDICAL CENTER,33
PALM BEACH,100130,Available,LAKESIDE MEDICAL CENTER,37
PALM BEACH,100130,Available Capacity,LAKESIDE MEDICAL CENTER,0.528571429
PALM BEACH,100130,Total Staffed Bed Capacity,LAKESIDE MEDICAL CENTER,70
PALM BEACH,100168,Bed Census,BOCA RATON REGIONAL HOSPITAL,311
PALM BEACH,100168,Available,BOCA RATON REGIONAL HOSPITAL,55
PALM BEACH,100168,Available Capacity,BOCA RATON REGIONAL HOSPITAL,0.150273224
PALM BEACH,100168,Total Staffed Bed Capacity,BOCA RATON REGIONAL HOSPITAL,366
PALM BEACH,100176,Bed Census,PALM BEACH GARDENS MEDICAL CENTER,170
PALM BEACH,100176,Available,PALM BEACH GARDENS MEDICAL CENTER,46
PALM BEACH,100176,Available Capacity,PALM BEACH GARDENS MEDICAL CENTER,0.212962963
PALM BEACH,100176,Total Staffed Bed Capacity,PALM BEACH GARDENS MEDICAL CENTER,216
PALM BEACH,100234,Bed Census,JFK MEDICAL CENTER NORTH CAMPUS,138
PALM BEACH,100234,Available,JFK MEDICAL CENTER NORTH CAMPUS,94
PALM BEACH,100234,Available Capacity,JFK MEDICAL CENTER NORTH CAMPUS,0.405172414
PALM BEACH,100234,Total Staffed Bed Capacity,JFK MEDICAL CENTER NORTH CAMPUS,232
PALM BEACH,100253,Bed Census,JUPITER MEDICAL CENTER,168
PALM BEACH,100253,Available,JUPITER MEDICAL CENTER,78
PALM BEACH,100253,Available Capacity,JUPITER MEDICAL CENTER,0.317073171
PALM BEACH,100253,Total Staffed Bed Capacity,JUPITER MEDICAL CENTER,246
PALM BEACH,100258,Bed Census,DELRAY MEDICAL CENTER,332
PALM BEACH,100258,Available,DELRAY MEDICAL CENTER,161
PALM BEACH,100258,Available Capacity,DELRAY MEDICAL CENTER,0.326572008
PALM BEACH,100258,Total Staffed Bed Capacity,DELRAY MEDICAL CENTER,493
PALM BEACH,104008,Bed Census,"THE JEROME GOLDEN CENTER FOR BEHAVIORAL HEALTH, INC",0
PALM BEACH,104008,Available,"THE JEROME GOLDEN CENTER FOR BEHAVIORAL HEALTH, INC",0
PALM BEACH,104008,Available Capacity,"THE JEROME GOLDEN CENTER FOR BEHAVIORAL HEALTH, INC",
PALM BEACH,104008,Total Staffed Bed Capacity,"THE JEROME GOLDEN CENTER FOR BEHAVIORAL HEALTH, INC",0
PALM BEACH,110006,Bed Census,PALMS WEST HOSPITAL,189
PALM BEACH,110006,Available,PALMS WEST HOSPITAL,29
PALM BEACH,110006,Available Capacity,PALMS WEST HOSPITAL,0.133027523
PALM BEACH,110006,Total Staffed Bed Capacity,PALMS WEST HOSPITAL,218
PALM BEACH,110008,Bed Census,WEST BOCA MEDICAL CENTER,129
PALM BEACH,110008,Available,WEST BOCA MEDICAL CENTER,88
PALM BEACH,110008,Available Capacity,WEST BOCA MEDICAL CENTER,0.405529954
PALM BEACH,110008,Total Staffed Bed Capacity,WEST BOCA MEDICAL CENTER,217
PALM BEACH,110010,Bed Census,WELLINGTON REGIONAL MEDICAL CENTER,194
PALM BEACH,110010,Available,WELLINGTON REGIONAL MEDICAL CENTER,47
PALM BEACH,110010,Available Capacity,WELLINGTON REGIONAL MEDICAL CENTER,0.195020747
PALM BEACH,110010,Total Staffed Bed Capacity,WELLINGTON REGIONAL MEDICAL CENTER,241
PALM BEACH,110403,Bed Census,GOOD SAMARITAN MEDICAL CENTER,176
PALM BEACH,110403,Available,GOOD SAMARITAN MEDICAL CENTER,16
PALM BEACH,110403,Available Capacity,GOOD SAMARITAN MEDICAL CENTER,0.083333333
PALM BEACH,110403,Total Staffed Bed Capacity,GOOD SAMARITAN MEDICAL CENTER,192
PALM BEACH,23960072,Bed Census,SELECT SPECIALTY HOSPITAL- PALM BEACH,60
PALM BEACH,23960072,Available,SELECT SPECIALTY HOSPITAL- PALM BEACH,0
PALM BEACH,23960072,Available Capacity,SELECT SPECIALTY HOSPITAL- PALM BEACH,0
PALM BEACH,23960072,Total Staffed Bed Capacity,SELECT SPECIALTY HOSPITAL- PALM BEACH,60
PALM BEACH,23960074,Bed Census,KINDRED HOSPITAL THE PALM BEACHES,54
PALM BEACH,23960074,Available,KINDRED HOSPITAL THE PALM BEACHES,1
PALM BEACH,23960074,Available Capacity,KINDRED HOSPITAL THE PALM BEACHES,0.018181818
PALM BEACH,23960074,Total Staffed Bed Capacity,KINDRED HOSPITAL THE PALM BEACHES,55
PALM BEACH,23960098,Bed Census,BETHESDA HOSPITAL WEST,74
PALM BEACH,23960098,Available,BETHESDA HOSPITAL WEST,7
PALM BEACH,23960098,Available Capacity,BETHESDA HOSPITAL WEST,0.086419753
PALM BEACH,23960098,Total Staffed Bed Capacity,BETHESDA HOSPITAL WEST,81
PASCO,100046,Bed Census,ADVENTHEALTH ZEPHYRHILLS,129
PASCO,100046,Available,ADVENTHEALTH ZEPHYRHILLS,10
PASCO,100046,Available Capacity,ADVENTHEALTH ZEPHYRHILLS,0.071942446
PASCO,100046,Total Staffed Bed Capacity,ADVENTHEALTH ZEPHYRHILLS,139
PASCO,100063,Bed Census,MORTON PLANT NORTH BAY HOSPITAL,190
PASCO,100063,Available,MORTON PLANT NORTH BAY HOSPITAL,22
PASCO,100063,Available Capacity,MORTON PLANT NORTH BAY HOSPITAL,0.103773585
PASCO,100063,Total Staffed Bed Capacity,MORTON PLANT NORTH BAY HOSPITAL,212
PASCO,100191,Bed Census,MEDICAL CENTER OF TRINITY,158
PASCO,100191,Available,MEDICAL CENTER OF TRINITY,87
PASCO,100191,Available Capacity,MEDICAL CENTER OF TRINITY,0.355102041
PASCO,100191,Total Staffed Bed Capacity,MEDICAL CENTER OF TRINITY,245
PASCO,100211,Bed Census,ADVENTHEALTH DADE CITY,63
PASCO,100211,Available,ADVENTHEALTH DADE CITY,22
PASCO,100211,Available Capacity,ADVENTHEALTH DADE CITY,0.258823529
PASCO,100211,Total Staffed Bed Capacity,ADVENTHEALTH DADE CITY,85
PASCO,100256,Bed Census,REGIONAL MEDICAL CENTER BAYONET POINT,227
PASCO,100256,Available,REGIONAL MEDICAL CENTER BAYONET POINT,63
PASCO,100256,Available Capacity,REGIONAL MEDICAL CENTER BAYONET POINT,0.217241379
PASCO,100256,Total Staffed Bed Capacity,REGIONAL MEDICAL CENTER BAYONET POINT,290
PASCO,23960082,Bed Census,ADVENTHEALTH CONNERTON,65
PASCO,23960082,Available,ADVENTHEALTH CONNERTON,0
PASCO,23960082,Available Capacity,ADVENTHEALTH CONNERTON,0
PASCO,23960082,Total Staffed Bed Capacity,ADVENTHEALTH CONNERTON,65
PASCO,23960099,Bed Census,ADVENTHEALTH WESLEY CHAPEL,124
PASCO,23960099,Available,ADVENTHEALTH WESLEY CHAPEL,0
PASCO,23960099,Available Capacity,ADVENTHEALTH WESLEY CHAPEL,0
PASCO,23960099,Total Staffed Bed Capacity,ADVENTHEALTH WESLEY CHAPEL,124
PASCO,23960102,Bed Census,MORTON PLANT NORTH BAY HOSPITAL RECOVERY CENTER,50
PASCO,23960102,Available,MORTON PLANT NORTH BAY HOSPITAL RECOVERY CENTER,1
PASCO,23960102,Available Capacity,MORTON PLANT NORTH BAY HOSPITAL RECOVERY CENTER,0.019607843
PASCO,23960102,Total Staffed Bed Capacity,MORTON PLANT NORTH BAY HOSPITAL RECOVERY CENTER,51
PASCO,23960110,Bed Census,MEDICAL CENTER OF TRINITY WEST PASCO CAMPUS,31
PASCO,23960110,Available,MEDICAL CENTER OF TRINITY WEST PASCO CAMPUS,31
PASCO,23960110,Available Capacity,MEDICAL CENTER OF TRINITY WEST PASCO CAMPUS,0.5
PASCO,23960110,Total Staffed Bed Capacity,MEDICAL CENTER OF TRINITY WEST PASCO CAMPUS,62
PASCO,23960114,Bed Census,NORTH TAMPA BEHAVIORAL HEALTH,85
PASCO,23960114,Available,NORTH TAMPA BEHAVIORAL HEALTH,41
PASCO,23960114,Available Capacity,NORTH TAMPA BEHAVIORAL HEALTH,0.325396825
PASCO,23960114,Total Staffed Bed Capacity,NORTH TAMPA BEHAVIORAL HEALTH,126
PINELLAS,100015,Bed Census,LARGO MEDICAL CENTER - INDIAN ROCKS,79
PINELLAS,100015,Available,LARGO MEDICAL CENTER - INDIAN ROCKS,10
PINELLAS,100015,Available Capacity,LARGO MEDICAL CENTER - INDIAN ROCKS,0.112359551
PINELLAS,100015,Total Staffed Bed Capacity,LARGO MEDICAL CENTER - INDIAN ROCKS,89
PINELLAS,100032,Bed Census,BAYFRONT HEALTH ST PETERSBURG,250
PINELLAS,100032,Available,BAYFRONT HEALTH ST PETERSBURG,175
PINELLAS,100032,Available Capacity,BAYFRONT HEALTH ST PETERSBURG,0.411764706
PINELLAS,100032,Total Staffed Bed Capacity,BAYFRONT HEALTH ST PETERSBURG,425
PINELLAS,100043,Bed Census,MEASE DUNEDIN HOSPITAL,116
PINELLAS,100043,Available,MEASE DUNEDIN HOSPITAL,31
PINELLAS,100043,Available Capacity,MEASE DUNEDIN HOSPITAL,0.210884354
PINELLAS,100043,Total Staffed Bed Capacity,MEASE DUNEDIN HOSPITAL,147
PINELLAS,100055,Bed Census,ADVENTHEALTH NORTH PINELLAS,102
PINELLAS,100055,Available,ADVENTHEALTH NORTH PINELLAS,11
PINELLAS,100055,Available Capacity,ADVENTHEALTH NORTH PINELLAS,0.097345133
PINELLAS,100055,Total Staffed Bed Capacity,ADVENTHEALTH NORTH PINELLAS,113
PINELLAS,100067,Bed Census,ST ANTHONYS HOSPITAL,288
PINELLAS,100067,Available,ST ANTHONYS HOSPITAL,35
PINELLAS,100067,Available Capacity,ST ANTHONYS HOSPITAL,0.108359133
PINELLAS,100067,Total Staffed Bed Capacity,ST ANTHONYS HOSPITAL,323
PINELLAS,100126,Bed Census,PALMS OF PASADENA HOSPITAL,127
PINELLAS,100126,Available,PALMS OF PASADENA HOSPITAL,8
PINELLAS,100126,Available Capacity,PALMS OF PASADENA HOSPITAL,0.059259259
PINELLAS,100126,Total Staffed Bed Capacity,PALMS OF PASADENA HOSPITAL,135
PINELLAS,100127,Bed Census,MORTON PLANT HOSPITAL,339
PINELLAS,100127,Available,MORTON PLANT HOSPITAL,59
PINELLAS,100127,Available Capacity,MORTON PLANT HOSPITAL,0.148241206
PINELLAS,100127,Total Staffed Bed Capacity,MORTON PLANT HOSPITAL,398
PINELLAS,100180,Bed Census,ST PETERSBURG GENERAL HOSPITAL,111
PINELLAS,100180,Available,ST PETERSBURG GENERAL HOSPITAL,10
PINELLAS,100180,Available Capacity,ST PETERSBURG GENERAL HOSPITAL,0.082644628
PINELLAS,100180,Total Staffed Bed Capacity,ST PETERSBURG GENERAL HOSPITAL,121
PINELLAS,100238,Bed Census,NORTHSIDE HOSPITAL,147
PINELLAS,100238,Available,NORTHSIDE HOSPITAL,0
PINELLAS,100238,Available Capacity,NORTHSIDE HOSPITAL,0
PINELLAS,100238,Total Staffed Bed Capacity,NORTHSIDE HOSPITAL,147
PINELLAS,100248,Bed Census,LARGO MEDICAL CENTER,238
PINELLAS,100248,Available,LARGO MEDICAL CENTER,41
PINELLAS,100248,Available Capacity,LARGO MEDICAL CENTER,0.146953405
PINELLAS,100248,Total Staffed Bed Capacity,LARGO MEDICAL CENTER,279
PINELLAS,100250,Bed Census,JOHNS HOPKINS ALL CHILDREN'S HOSPITAL,173
PINELLAS,100250,Available,JOHNS HOPKINS ALL CHILDREN'S HOSPITAL,24
PINELLAS,100250,Available Capacity,JOHNS HOPKINS ALL CHILDREN'S HOSPITAL,0.121827411
PINELLAS,100250,Total Staffed Bed Capacity,JOHNS HOPKINS ALL CHILDREN'S HOSPITAL,197
PINELLAS,104017,Bed Census,WINDMOOR HEALTHCARE OF CLEARWATER,64
PINELLAS,104017,Available,WINDMOOR HEALTHCARE OF CLEARWATER,40
PINELLAS,104017,Available Capacity,WINDMOOR HEALTHCARE OF CLEARWATER,0.384615385
PINELLAS,104017,Total Staffed Bed Capacity,WINDMOOR HEALTHCARE OF CLEARWATER,104
PINELLAS,110001,Bed Census,MEASE COUNTRYSIDE HOSPITAL,226
PINELLAS,110001,Available,MEASE COUNTRYSIDE HOSPITAL,28
PINELLAS,110001,Available Capacity,MEASE COUNTRYSIDE HOSPITAL,0.110236220
PINELLAS,110001,Total Staffed Bed Capacity,MEASE COUNTRYSIDE HOSPITAL,254
PINELLAS,110045,Bed Census,ENCOMPASS HEALTH REHABILITATION HOSPITAL OF LARGO,54
PINELLAS,110045,Available,ENCOMPASS HEALTH REHABILITATION HOSPITAL OF LARGO,6
PINELLAS,110045,Available Capacity,ENCOMPASS HEALTH REHABILITATION HOSPITAL OF LARGO,0.1
PINELLAS,110045,Total Staffed Bed Capacity,ENCOMPASS HEALTH REHABILITATION HOSPITAL OF LARGO,60
PINELLAS,23960011,Bed Census,KINDRED HOSPITAL-BAY AREA-ST PETERSBURG,46
PINELLAS,23960011,Available,KINDRED HOSPITAL-BAY AREA-ST PETERSBURG,15
PINELLAS,23960011,Available Capacity,KINDRED HOSPITAL-BAY AREA-ST PETERSBURG,0.245901639
PINELLAS,23960011,Total Staffed Bed Capacity,KINDRED HOSPITAL-BAY AREA-ST PETERSBURG,61
PINELLAS,23960085,Bed Census,BAYCARE ALLIANT HOSPITAL,25
PINELLAS,23960085,Available,BAYCARE ALLIANT HOSPITAL,23
PINELLAS,23960085,Available Capacity,BAYCARE ALLIANT HOSPITAL,0.479166667
PINELLAS,23960085,Total Staffed Bed Capacity,BAYCARE ALLIANT HOSPITAL,48
POLK,100052,Bed Census,WINTER HAVEN HOSPITAL,305
POLK,100052,Available,WINTER HAVEN HOSPITAL,13
POLK,100052,Available Capacity,WINTER HAVEN HOSPITAL,0.040880503
POLK,100052,Total Staffed Bed Capacity,WINTER HAVEN HOSPITAL,318
POLK,100099,Bed Census,ADVENTHEALTH LAKE WALES,63
POLK,100099,Available,ADVENTHEALTH LAKE WALES,97
POLK,100099,Available Capacity,ADVENTHEALTH LAKE WALES,0.60625
POLK,100099,Total Staffed Bed Capacity,ADVENTHEALTH LAKE WALES,160
POLK,100121,Bed Census,BARTOW REGIONAL MEDICAL CENTER,58
POLK,100121,Available,BARTOW REGIONAL MEDICAL CENTER,0
POLK,100121,Available Capacity,BARTOW REGIONAL MEDICAL CENTER,0
POLK,100121,Total Staffed Bed Capacity,BARTOW REGIONAL MEDICAL CENTER,58
POLK,100137,Bed Census,ADVENTHEALTH HEART OF FLORIDA,123
POLK,100137,Available,ADVENTHEALTH HEART OF FLORIDA,67
POLK,100137,Available Capacity,ADVENTHEALTH HEART OF FLORIDA,0.352631579
POLK,100137,Total Staffed Bed Capacity,ADVENTHEALTH HEART OF FLORIDA,190
POLK,100157,Bed Census,LAKELAND REGIONAL MEDICAL CENTER,802
POLK,100157,Available,LAKELAND REGIONAL MEDICAL CENTER,81
POLK,100157,Available Capacity,LAKELAND REGIONAL MEDICAL CENTER,0.091732729
POLK,100157,Total Staffed Bed Capacity,LAKELAND REGIONAL MEDICAL CENTER,883
POLK,120010,Bed Census,WINTER HAVEN WOMEN'S HOSPITAL,30
POLK,120010,Available,WINTER HAVEN WOMEN'S HOSPITAL,2
POLK,120010,Available Capacity,WINTER HAVEN WOMEN'S HOSPITAL,0.0625
POLK,120010,Total Staffed Bed Capacity,WINTER HAVEN WOMEN'S HOSPITAL,32
PUTNAM,100232,Bed Census,PUTNAM COMMUNITY MEDICAL CENTER,70
PUTNAM,100232,Available,PUTNAM COMMUNITY MEDICAL CENTER,14
PUTNAM,100232,Available Capacity,PUTNAM COMMUNITY MEDICAL CENTER,0.166666667
PUTNAM,100232,Total Staffed Bed Capacity,PUTNAM COMMUNITY MEDICAL CENTER,84
SANTA ROSA,100048,Bed Census,JAY HOSPITAL,11
SANTA ROSA,100048,Available,JAY HOSPITAL,10
SANTA ROSA,100048,Available Capacity,JAY HOSPITAL,0.476190476
SANTA ROSA,100048,Total Staffed Bed Capacity,JAY HOSPITAL,21
SANTA ROSA,100124,Bed Census,SANTA ROSA MEDICAL CENTER,59
SANTA ROSA,100124,Available,SANTA ROSA MEDICAL CENTER,80
SANTA ROSA,100124,Available Capacity,SANTA ROSA MEDICAL CENTER,0.575539568
SANTA ROSA,100124,Total Staffed Bed Capacity,SANTA ROSA MEDICAL CENTER,139
SANTA ROSA,104027,Bed Census,WEST FLORIDA COMMUNITY CARE CENTER,24
SANTA ROSA,104027,Available,WEST FLORIDA COMMUNITY CARE CENTER,76
SANTA ROSA,104027,Available Capacity,WEST FLORIDA COMMUNITY CARE CENTER,0.76
SANTA ROSA,104027,Total Staffed Bed Capacity,WEST FLORIDA COMMUNITY CARE CENTER,100
SANTA ROSA,110003,Bed Census,GULF BREEZE HOSPITAL,60
SANTA ROSA,110003,Available,GULF BREEZE HOSPITAL,17
SANTA ROSA,110003,Available Capacity,GULF BREEZE HOSPITAL,0.220779221
SANTA ROSA,110003,Total Staffed Bed Capacity,GULF BREEZE HOSPITAL,77
SARASOTA,100070,Bed Census,VENICE REGIONAL BAYFRONT HEALTH,116
SARASOTA,100070,Available,VENICE REGIONAL BAYFRONT HEALTH,126
SARASOTA,100070,Available Capacity,VENICE REGIONAL BAYFRONT HEALTH,0.520661157
SARASOTA,100070,Total Staffed Bed Capacity,VENICE REGIONAL BAYFRONT HEALTH,242
SARASOTA,100087,Bed Census,SARASOTA MEMORIAL HOSPITAL,669
SARASOTA,100087,Available,SARASOTA MEMORIAL HOSPITAL,27
SARASOTA,100087,Available Capacity,SARASOTA MEMORIAL HOSPITAL,0.038793103
SARASOTA,100087,Total Staffed Bed Capacity,SARASOTA MEMORIAL HOSPITAL,696
SARASOTA,100166,Bed Census,DOCTORS HOSPITAL OF SARASOTA,117
SARASOTA,100166,Available,DOCTORS HOSPITAL OF SARASOTA,31
SARASOTA,100166,Available Capacity,DOCTORS HOSPITAL OF SARASOTA,0.209459459
SARASOTA,100166,Total Staffed Bed Capacity,DOCTORS HOSPITAL OF SARASOTA,148
SARASOTA,110004,Bed Census,ENGLEWOOD COMMUNITY HOSPITAL,37
SARASOTA,110004,Available,ENGLEWOOD COMMUNITY HOSPITAL,38
SARASOTA,110004,Available Capacity,ENGLEWOOD COMMUNITY HOSPITAL,0.506666667
SARASOTA,110004,Total Staffed Bed Capacity,ENGLEWOOD COMMUNITY HOSPITAL,75
SARASOTA,110013,Bed Census,ENCOMPASS HEALTH REHABILITATION HOSPITAL OF SARASOTA,75
SARASOTA,110013,Available,ENCOMPASS HEALTH REHABILITATION HOSPITAL OF SARASOTA,15
SARASOTA,110013,Available Capacity,ENCOMPASS HEALTH REHABILITATION HOSPITAL OF SARASOTA,0.166666667
SARASOTA,110013,Total Staffed Bed Capacity,ENCOMPASS HEALTH REHABILITATION HOSPITAL OF SARASOTA,90
SARASOTA,23960049,Bed Census,PAM SPECIALTY HOSPITAL OF SARASOTA,36
SARASOTA,23960049,Available,PAM SPECIALTY HOSPITAL OF SARASOTA,4
SARASOTA,23960049,Available Capacity,PAM SPECIALTY HOSPITAL OF SARASOTA,0.1
SARASOTA,23960049,Total Staffed Bed Capacity,PAM SPECIALTY HOSPITAL OF SARASOTA,40
SEMINOLE,100161,Bed Census,CENTRAL FLORIDA REGIONAL HOSPITAL,166
SEMINOLE,100161,Available,CENTRAL FLORIDA REGIONAL HOSPITAL,42
SEMINOLE,100161,Available Capacity,CENTRAL FLORIDA REGIONAL HOSPITAL,0.201923077
SEMINOLE,100161,Total Staffed Bed Capacity,CENTRAL FLORIDA REGIONAL HOSPITAL,208
SEMINOLE,100263,Bed Census,ORLANDO HEALTH SOUTH SEMINOLE HOSPITAL,187
SEMINOLE,100263,Available,ORLANDO HEALTH SOUTH SEMINOLE HOSPITAL,30
SEMINOLE,100263,Available Capacity,ORLANDO HEALTH SOUTH SEMINOLE HOSPITAL,0.138248848
SEMINOLE,100263,Total Staffed Bed Capacity,ORLANDO HEALTH SOUTH SEMINOLE HOSPITAL,217
SEMINOLE,120004,Bed Census,ADVENTHEALTH ALTAMONTE SPRINGS,325
SEMINOLE,120004,Available,ADVENTHEALTH ALTAMONTE SPRINGS,68
SEMINOLE,120004,Available Capacity,ADVENTHEALTH ALTAMONTE SPRINGS,0.173027990
SEMINOLE,120004,Total Staffed Bed Capacity,ADVENTHEALTH ALTAMONTE SPRINGS,393
SEMINOLE,23960115,Bed Census,ENCOMPASS HEALTH REHABILITATION HOSPITAL OF ALTAMONTE SPRINGS,55
SEMINOLE,23960115,Available,ENCOMPASS HEALTH REHABILITATION HOSPITAL OF ALTAMONTE SPRINGS,5
SEMINOLE,23960115,Available Capacity,ENCOMPASS HEALTH REHABILITATION HOSPITAL OF ALTAMONTE SPRINGS,0.083333333
SEMINOLE,23960115,Total Staffed Bed Capacity,ENCOMPASS HEALTH REHABILITATION HOSPITAL OF ALTAMONTE SPRINGS,60
SEMINOLE,23960121,Bed Census,OVIEDO MEDICAL CENTER,44
SEMINOLE,23960121,Available,OVIEDO MEDICAL CENTER,20
SEMINOLE,23960121,Available Capacity,OVIEDO MEDICAL CENTER,0.3125
SEMINOLE,23960121,Total Staffed Bed Capacity,OVIEDO MEDICAL CENTER,64
ST. JOHNS,100219,Bed Census,FLAGLER HOSPITAL,209
ST. JOHNS,100219,Available,FLAGLER HOSPITAL,125
ST. JOHNS,100219,Available Capacity,FLAGLER HOSPITAL,0.374251497
ST. JOHNS,100219,Total Staffed Bed Capacity,FLAGLER HOSPITAL,334
ST. LUCIE,100246,Bed Census,LAWNWOOD REGIONAL MEDICAL CENTER & HEART INSTITUTE,362
ST. LUCIE,100246,Available,LAWNWOOD REGIONAL MEDICAL CENTER & HEART INSTITUTE,40
ST. LUCIE,100246,Available Capacity,LAWNWOOD REGIONAL MEDICAL CENTER & HEART INSTITUTE,0.099502488
ST. LUCIE,100246,Total Staffed Bed Capacity,LAWNWOOD REGIONAL MEDICAL CENTER & HEART INSTITUTE,402
ST. LUCIE,100260,Bed Census,ST LUCIE MEDICAL CENTER,179
ST. LUCIE,100260,Available,ST LUCIE MEDICAL CENTER,50
ST. LUCIE,100260,Available Capacity,ST LUCIE MEDICAL CENTER,0.218340611
ST. LUCIE,100260,Total Staffed Bed Capacity,ST LUCIE MEDICAL CENTER,229
ST. LUCIE,110022,Bed Census,PORT ST LUCIE HOSPITAL,60
ST. LUCIE,110022,Available,PORT ST LUCIE HOSPITAL,15
ST. LUCIE,110022,Available Capacity,PORT ST LUCIE HOSPITAL,0.2
ST. LUCIE,110022,Total Staffed Bed Capacity,PORT ST LUCIE HOSPITAL,75
ST. LUCIE,23960108,Bed Census,CLEVELAND CLINIC TRADITION HOSPITAL,152
ST. LUCIE,23960108,Available,CLEVELAND CLINIC TRADITION HOSPITAL,25
ST. LUCIE,23960108,Available Capacity,CLEVELAND CLINIC TRADITION HOSPITAL,0.141242938
ST. LUCIE,23960108,Total Staffed Bed Capacity,CLEVELAND CLINIC TRADITION HOSPITAL,177
SUMTER,23960032,Bed Census,UF HEALTH THE VILLAGES HOSPITAL,190
SUMTER,23960032,Available,UF HEALTH THE VILLAGES HOSPITAL,117
SUMTER,23960032,Available Capacity,UF HEALTH THE VILLAGES HOSPITAL,0.381107492
SUMTER,23960032,Total Staffed Bed Capacity,UF HEALTH THE VILLAGES HOSPITAL,307
SUMTER,23960086,Bed Census,SELECT SPECIALTY HOSPITAL-THE VILLAGES INC,31
SUMTER,23960086,Available,SELECT SPECIALTY HOSPITAL-THE VILLAGES INC,9
SUMTER,23960086,Available Capacity,SELECT SPECIALTY HOSPITAL-THE VILLAGES INC,0.225
SUMTER,23960086,Total Staffed Bed Capacity,SELECT SPECIALTY HOSPITAL-THE VILLAGES INC,40
SUWANNEE,100146,Bed Census,LAKE CITY MEDICAL CENTER SUWANNEE CAMPUS,0
SUWANNEE,100146,Available,LAKE CITY MEDICAL CENTER SUWANNEE CAMPUS,0
SUWANNEE,100146,Available Capacity,LAKE CITY MEDICAL CENTER SUWANNEE CAMPUS,
SUWANNEE,100146,Total Staffed Bed Capacity,LAKE CITY MEDICAL CENTER SUWANNEE CAMPUS,0
TAYLOR,100106,Bed Census,DOCTORS' MEMORIAL HOSPITAL,10
TAYLOR,100106,Available,DOCTORS' MEMORIAL HOSPITAL,8
TAYLOR,100106,Available Capacity,DOCTORS' MEMORIAL HOSPITAL,0.444444444
TAYLOR,100106,Total Staffed Bed Capacity,DOCTORS' MEMORIAL HOSPITAL,18
UNION,100241,Bed Census,LAKE BUTLER HOSPITAL,5
UNION,100241,Available,LAKE BUTLER HOSPITAL,20
UNION,100241,Available Capacity,LAKE BUTLER HOSPITAL,0.8
UNION,100241,Total Staffed Bed Capacity,LAKE BUTLER HOSPITAL,25
UNION,110183,Bed Census,RECEPTION AND MEDICAL CENTER HOSPITAL,44
UNION,110183,Available,RECEPTION AND MEDICAL CENTER HOSPITAL,61
UNION,110183,Available Capacity,RECEPTION AND MEDICAL CENTER HOSPITAL,0.580952381
UNION,110183,Total Staffed Bed Capacity,RECEPTION AND MEDICAL CENTER HOSPITAL,105
VOLUSIA,100014,Bed Census,ADVENTHEALTH NEW SMYRNA BEACH,75
VOLUSIA,100014,Available,ADVENTHEALTH NEW SMYRNA BEACH,34
VOLUSIA,100014,Available Capacity,ADVENTHEALTH NEW SMYRNA BEACH,0.311926606
VOLUSIA,100014,Total Staffed Bed Capacity,ADVENTHEALTH NEW SMYRNA BEACH,109
VOLUSIA,100017,Bed Census,HALIFAX HEALTH MEDICAL CENTER,377
VOLUSIA,100017,Available,HALIFAX HEALTH MEDICAL CENTER,151
VOLUSIA,100017,Available Capacity,HALIFAX HEALTH MEDICAL CENTER,0.285984848
VOLUSIA,100017,Total Staffed Bed Capacity,HALIFAX HEALTH MEDICAL CENTER,528
VOLUSIA,100045,Bed Census,ADVENTHEALTH DELAND,109
VOLUSIA,100045,Available,ADVENTHEALTH DELAND,55
VOLUSIA,100045,Available Capacity,ADVENTHEALTH DELAND,0.335365854
VOLUSIA,100045,Total Staffed Bed Capacity,ADVENTHEALTH DELAND,164
VOLUSIA,100072,Bed Census,ADVENTHEALTH FISH MEMORIAL,131
VOLUSIA,100072,Available,ADVENTHEALTH FISH MEMORIAL,56
VOLUSIA,100072,Available Capacity,ADVENTHEALTH FISH MEMORIAL,0.299465241
VOLUSIA,100072,Total Staffed Bed Capacity,ADVENTHEALTH FISH MEMORIAL,187
VOLUSIA,100169,Bed Census,ADVENTHEALTH DAYTONA BEACH,234
VOLUSIA,100169,Available,ADVENTHEALTH DAYTONA BEACH,94
VOLUSIA,100169,Available Capacity,ADVENTHEALTH DAYTONA BEACH,0.286585366
VOLUSIA,100169,Total Staffed Bed Capacity,ADVENTHEALTH DAYTONA BEACH,328
VOLUSIA,110016,Bed Census,HALIFAX PSYCHIATRIC CENTER-NORTH,11
VOLUSIA,110016,Available,HALIFAX PSYCHIATRIC CENTER-NORTH,21
VOLUSIA,110016,Available Capacity,HALIFAX PSYCHIATRIC CENTER-NORTH,0.65625
VOLUSIA,110016,Total Staffed Bed Capacity,HALIFAX PSYCHIATRIC CENTER-NORTH,32
VOLUSIA,23960051,Bed Census,HALIFAX HEALTH MEDICAL CENTER- PORT ORANGE,42
VOLUSIA,23960051,Available,HALIFAX HEALTH MEDICAL CENTER- PORT ORANGE,23
VOLUSIA,23960051,Available Capacity,HALIFAX HEALTH MEDICAL CENTER- PORT ORANGE,0.353846154
VOLUSIA,23960051,Total Staffed Bed Capacity,HALIFAX HEALTH MEDICAL CENTER- PORT ORANGE,65
VOLUSIA,23960120,Bed Census,SELECT SPECIALTY HOSPITAL - DAYTONA BEACH,30
VOLUSIA,23960120,Available,SELECT SPECIALTY HOSPITAL - DAYTONA BEACH,4
VOLUSIA,23960120,Available Capacity,SELECT SPECIALTY HOSPITAL - DAYTONA BEACH,0.117647059
VOLUSIA,23960120,Total Staffed Bed Capacity,SELECT SPECIALTY HOSPITAL - DAYTONA BEACH,34
VOLUSIA,23960152,Bed Census,HALIFAX HEALTH UF HEALTH MEDICAL CENTER OF DELTONA,36
VOLUSIA,23960152,Available,HALIFAX HEALTH UF HEALTH MEDICAL CENTER OF DELTONA,32
VOLUSIA,23960152,Available Capacity,HALIFAX HEALTH UF HEALTH MEDICAL CENTER OF DELTONA,0.470588235
VOLUSIA,23960152,Total Staffed Bed Capacity,HALIFAX HEALTH UF HEALTH MEDICAL CENTER OF DELTONA,68
WALTON,100081,Bed Census,HEALTHMARK REGIONAL MEDICAL CENTER,6
WALTON,100081,Available,HEALTHMARK REGIONAL MEDICAL CENTER,7
WALTON,100081,Available Capacity,HEALTHMARK REGIONAL MEDICAL CENTER,0.538461538
WALTON,100081,Total Staffed Bed Capacity,HEALTHMARK REGIONAL MEDICAL CENTER,13
WALTON,23960041,Bed Census,ASCENSION SACRED HEART EMERALD COAST,66
WALTON,23960041,Available,ASCENSION SACRED HEART EMERALD COAST,38
WALTON,23960041,Available Capacity,ASCENSION SACRED HEART EMERALD COAST,0.365384615
WALTON,23960041,Total Staffed Bed Capacity,ASCENSION SACRED HEART EMERALD COAST,104
WASHINGTON,100147,Bed Census,NORTHWEST FLORIDA COMMUNITY HOSPITAL,43
WASHINGTON,100147,Available,NORTHWEST FLORIDA COMMUNITY HOSPITAL,16
WASHINGTON,100147,Available Capacity,NORTHWEST FLORIDA COMMUNITY HOSPITAL,0.271186441
WASHINGTON,100147,Total Staffed Bed Capacity,NORTHWEST FLORIDA COMMUNITY HOSPITAL,59
All,All,Bed Census,All,"47,306"
All,All,Available,All,"13,226"
All,All,Available Capacity,All,0.218496002
All,All,Total Staffed Bed Capacity,All,"60,532"
